nameid,first_name,last_name,birth_date,email,address,credit_card_type,credit_card_number
1,Hazel,Van Oord,8/21/1993,hvanoord0@ihg.com,10 Sutteridge Junction,mastercard,5376277641970710
2,Lilli,Vasiljevic,9/12/1989,lvasiljevic1@webnode.com,8 Lyons Alley,switch,5641829243490880000
3,Sawyere,Lowey,4/20/1990,slowey2@yellowbook.com,940 Fieldstone Avenue,jcb,3567122104959150
4,Anni,Ditt,12/11/1986,aditt3@wikipedia.org,09735 Rockefeller Crossing,jcb,3566947066708380
5,Verine,Sisson,9/3/1994,vsisson4@fc2.com,40581 Crownhardt Drive,mastercard,5010120106567330
6,Lucas,Dallas,2/16/1997,ldallas5@google.com.br,8 Larry Road,mastercard,5152894367466180
7,Lissa,Snoden,10/28/1988,lsnoden6@domainmarket.com,16 4th Terrace,jcb,3564831175875660
8,Gretna,Dell 'Orto,8/13/1985,gdellorto7@aol.com,79 Gale Center,mastercard,5510352982134260
9,Uriel,Colquitt,12/11/1988,ucolquitt8@yahoo.com,7457 Hooker Parkway,maestro,6762524697479320000
10,Faulkner,Cheltnam,3/30/1997,fcheltnam9@lycos.com,1370 Morning Point,jcb,3583130063159930
11,Shepard,Perell,8/25/1991,sperella@theguardian.com,4 Butterfield Place,switch,675961913442254000
12,Friedrick,Blemen,4/23/1987,fblemenb@zdnet.com,4 Johnson Junction,mastercard,5214763093814470
13,Johnathon,Manvelle,10/9/1995,jmanvellec@eventbrite.com,865 Darwin Hill,jcb,3528755943142410
14,Laurena,Ruprechter,4/10/1988,lruprechterd@jugem.jp,4755 Dexter Hill,jcb,3578151905414590
15,Maribel,Garthshore,1/25/1997,mgarthshoree@fastcompany.com,4 Mifflin Hill,china-unionpay,56022122066700700
16,Philipa,Chelam,11/29/1997,pchelamf@facebook.com,68 Center Road,diners-club-carte-blanche,30210289581646
17,Luise,Issac,12/25/1999,lissacg@multiply.com,894 Hooker Way,americanexpress,372301209180803
18,Nicholas,Nind,4/1/1997,nnindh@quantcast.com,299 Tennyson Court,jcb,3542651699492770
19,Burch,Folini,9/12/1998,bfolinii@bing.com,5949 Twin Pines Way,jcb,3562843566620920
20,Wolf,Sirr,3/7/1986,wsirrj@imdb.com,435 Saint Paul Avenue,jcb,3575083164897650
21,Brnaby,Geeves,4/8/1994,bgeevesk@squarespace.com,56547 Briar Crest Terrace,jcb,3531213052489680
22,Tully,Motten,3/15/1985,tmottenl@barnesandnoble.com,679 Glacier Hill Trail,visa-electron,4175006424796170
23,Riccardo,Rivilis,10/27/1988,rrivilism@odnoklassniki.ru,50 Farwell Plaza,visa-electron,4917107272978230
24,Lyda,Juschka,1/12/1990,ljuschkan@msn.com,9 Del Mar Avenue,maestro,6759807921674430
25,Gnni,Sheeran,7/26/1997,gsheerano@ucoz.ru,42 Bunting Way,jcb,3579966142186500
26,Agatha,Perrin,8/8/1998,aperrinp@wikispaces.com,7 Texas Crossing,switch,6759004870688610
27,Matteo,Servis,2/23/1998,mservisq@sina.com.cn,79 Stuart Pass,jcb,3563988229882730
28,Dean,Armatidge,1/19/1985,darmatidger@earthlink.net,05 Merry Park,jcb,3539364978941460
29,Cati,Curley,2/23/1999,ccurleys@nifty.com,00175 Springs Crossing,jcb,3588492712087030
30,Carey,Schlagh,2/9/1995,cschlaght@angelfire.com,24 Badeau Way,switch,491100677249462000
31,Peg,Frill,12/19/1988,pfrillu@nationalgeographic.com,4 Northridge Trail,diners-club-carte-blanche,30331133444953
32,Wernher,Sowthcote,12/11/1998,wsowthcotev@businesswire.com,22461 Lien Center,jcb,3552504073388590
33,Katleen,Beynon,4/3/1985,kbeynonw@time.com,86898 Wayridge Way,jcb,3546329719610160
34,Irving,Luff,10/24/1995,iluffx@bbc.co.uk,819 Raven Place,mastercard,5500514558214170
35,Eleni,Eastgate,9/26/1994,eeastgatey@phoca.cz,47 Monica Parkway,jcb,3539345127699020
36,Marigold,Gynni,3/12/1998,mgynniz@google.co.jp,2947 Kennedy Junction,jcb,3551072502650680
37,Thea,Rymell,5/10/1985,trymell10@amazon.com,53152 Anthes Court,solo,6767274242155720
38,Holmes,Checo,10/9/1993,hcheco11@sciencedirect.com,9 Eastwood Junction,jcb,3553011523052110
39,Donetta,Mebes,1/14/1992,dmebes12@technorati.com,659 Warbler Drive,jcb,3531859919813790
40,Kizzee,Starkie,4/2/1988,kstarkie13@scribd.com,47480 Coolidge Court,diners-club-enroute,201862990011470
41,Linet,Bugden,11/19/1993,lbugden14@elegantthemes.com,2 Banding Lane,jcb,3581489038147560
42,Kris,Arkle,7/20/1990,karkle15@hhs.gov,1838 School Parkway,bankcard,5602239325166620
43,Andra,Suddaby,11/4/1986,asuddaby16@123-reg.co.uk,4001 Jay Hill,jcb,3544770667908810
44,Bevan,Lorraway,7/27/1994,blorraway17@cargocollective.com,2 Bashford Pass,mastercard,5243228455957520
45,Glendon,Domonkos,5/30/1996,gdomonkos18@ning.com,37721 Michigan Plaza,mastercard,5007664356982470
46,Solomon,Fickling,6/24/1993,sfickling19@bluehost.com,27011 Mallard Place,jcb,3576013041951390
47,Tades,Seeborne,9/22/1985,tseeborne1a@oaic.gov.au,130 Canary Lane,bankcard,5602238358785250
48,Dunc,Rumke,7/31/1992,drumke1b@sina.com.cn,44 Victoria Plaza,visa-electron,4508677979841780
49,Torrey,Weeden,5/23/1994,tweeden1c@skyrock.com,18 Muir Court,switch,493664597194243000
50,Trey,Brugsma,10/29/1999,tbrugsma1d@privacy.gov.au,0 Darwin Plaza,solo,6334494439469810
51,Gaby,Ketchen,1/17/1985,gketchen1e@arizona.edu,0 Fordem Circle,jcb,3547975059999900
52,Dillon,Vossing,4/30/1990,dvossing1f@google.fr,1 Boyd Hill,instapayment,6377886520837720
53,Eduardo,Legrave,3/7/1989,elegrave1g@imdb.com,8 Cordelia Junction,jcb,3529402056760100
54,Shanon,Gelderd,5/17/1997,sgelderd1h@cbsnews.com,71791 Lillian Plaza,jcb,3539839198846600
55,Kylen,De Antoni,10/8/1998,kdeantoni1i@zdnet.com,53 Continental Lane,jcb,3586101827265340
56,Sonja,Dadley,11/4/1987,sdadley1j@mediafire.com,23030 Sycamore Road,jcb,3548942932047050
57,Allyn,Dranfield,5/23/1988,adranfield1k@360.cn,46 Toban Lane,visa-electron,4844793425442290
58,Aurelea,Maffulli,4/2/1995,amaffulli1l@deviantart.com,449 Golf Course Way,jcb,3549732974812680
59,Cybil,Cronshaw,1/28/1992,ccronshaw1m@yahoo.co.jp,78 Lawn Point,diners-club-enroute,201813460103230
60,Ashlin,Baumford,2/29/1992,abaumford1n@linkedin.com,786 Marquette Drive,switch,491193520318425000
61,Tiphani,Jeness,4/24/1989,tjeness1o@ezinearticles.com,688 Gulseth Avenue,maestro,50202944740956000
62,Carri,Eley,7/3/1990,celey1p@wired.com,34844 Westridge Street,diners-club-carte-blanche,30528004129825
63,Monte,Reeme,4/30/1999,mreeme1q@icq.com,30 Rutledge Lane,jcb,3543707393728650
64,Ki,Portail,4/13/1990,kportail1r@homestead.com,83 Lien Crossing,diners-club-carte-blanche,30291245684641
65,Carina,Elsom,10/19/1991,celsom1s@etsy.com,7865 Summit Center,mastercard,5002356538573590
66,Michaeline,Ryrie,12/22/1990,mryrie1t@pen.io,62997 Farragut Street,jcb,3543493377318820
67,Marlo,Grisard,7/20/1995,mgrisard1u@chicagotribune.com,75 Bay Crossing,mastercard,5108750167270060
68,Jsandye,Hearthfield,7/14/1988,jhearthfield1v@netvibes.com,99793 Meadow Vale Way,jcb,3560086290517450
69,Deane,Pieracci,9/2/1992,dpieracci1w@trellian.com,481 Morning Point,bankcard,5602254636757780
70,Rodrigo,Joscelyne,2/6/1997,rjoscelyne1x@opensource.org,000 Cordelia Place,jcb,3571341801474900
71,Hermon,Bewley,6/1/1987,hbewley1y@wordpress.com,5 Orin Junction,visa,4366015210587
72,Cacilie,Peacocke,12/25/1996,cpeacocke1z@disqus.com,14 Cody Avenue,jcb,3533090008892240
73,Georgeanne,Finlry,11/9/1985,gfinlry20@cnbc.com,9410 Killdeer Road,americanexpress,372301127637124
74,Moises,Lydon,8/28/1987,mlydon21@census.gov,30 Golf View Drive,jcb,3571604496157750
75,Selie,Emslie,6/10/1998,semslie22@fc2.com,64 Sheridan Plaza,jcb,3550007494316590
76,Evyn,Goldsack,9/17/1994,egoldsack23@rediff.com,175 Larry Circle,instapayment,6384027236570920
77,Harlen,Kilmary,9/30/1985,hkilmary24@bbc.co.uk,276 Sauthoff Terrace,diners-club-enroute,201513197478182
78,Keslie,Perch,2/5/1999,kperch25@scientificamerican.com,12751 Lunder Drive,mastercard,5586856614867350
79,Mil,Alfuso,7/8/1992,malfuso26@diigo.com,2 Alpine Pass,jcb,3545886997849630
80,Tiff,Garthshore,10/26/1995,tgarthshore27@techcrunch.com,4 Russell Way,jcb,3553375356512490
81,Wilhelmina,Stode,2/27/1996,wstode28@columbia.edu,7155 Kingsford Point,jcb,3576274484223570
82,Stevie,Evanson,6/8/1989,sevanson29@weibo.com,1856 Spaight Terrace,jcb,3569468963644290
83,Corinne,Buckerfield,11/7/1992,cbuckerfield2a@wired.com,18682 Swallow Pass,laser,6304797137727220000
84,Eduardo,Cathie,12/31/1994,ecathie2b@theglobeandmail.com,3070 Ryan Road,diners-club-enroute,201701586662009
85,Cornall,Hessenthaler,1/15/1992,chessenthaler2c@sakura.ne.jp,250 Summerview Junction,diners-club-enroute,201820247745415
86,Prentice,Halsall,1/16/1993,phalsall2d@netvibes.com,45429 Northport Junction,visa,4041374501054500
87,Selie,Quainton,7/21/1988,squainton2e@archive.org,33 Fieldstone Place,jcb,3568470852167790
88,Lorelei,Lorriman,1/19/1994,llorriman2f@cbsnews.com,2 Annamark Center,switch,493650527126861000
89,Kailey,Riply,5/12/1989,kriply2g@ted.com,00 1st Court,mastercard,5152984998121070
90,Griffin,Romeuf,2/10/1989,gromeuf2h@sphinn.com,70273 Mayfield Road,diners-club-enroute,201829209050052
91,Ina,Funcheon,10/8/1987,ifuncheon2i@discuz.net,1 Bluejay Way,mastercard,5100149580777550
92,Zola,Grewe,9/1/1989,zgrewe2j@comsenz.com,45915 Ridgeview Trail,bankcard,5602236773455490
93,Shurlocke,Rothschild,3/29/1998,srothschild2k@irs.gov,49313 Algoma Place,americanexpress,337941892513416
94,Dana,Woodford,8/25/1993,dwoodford2l@aboutads.info,457 Twin Pines Place,jcb,3542012529761310
95,Xylia,Lambal,6/6/1988,xlambal2m@businessweek.com,39 Little Fleur Junction,solo,6767027048132620
96,Malissa,Jays,4/1/1989,mjays2n@ehow.com,407 Fisk Way,jcb,3555698974242970
97,Hayden,Quakley,9/1/1993,hquakley2o@examiner.com,0 Stephen Center,laser,6771632892975550000
98,Ibrahim,Paddell,3/9/1986,ipaddell2p@imdb.com,8 Graedel Crossing,americanexpress,344899171671266
99,Farra,Brewett,11/19/1992,fbrewett2q@dropbox.com,62017 Northridge Way,mastercard,5100174548106690
100,Arabel,Hartus,4/6/1996,ahartus2r@topsy.com,76544 5th Street,diners-club-us-ca,5403937602773640
101,Kamillah,Smyley,12/17/1999,ksmyley2s@digg.com,744 Dunning Center,jcb,3585078744728250
102,Laraine,Crosskell,1/23/1985,lcrosskell2t@loc.gov,5802 Butterfield Point,jcb,3531538632353410
103,Addie,Whiterod,3/4/1990,awhiterod2u@nasa.gov,0982 Quincy Park,china-unionpay,5602242803491410
104,Calypso,Coltman,8/5/1996,ccoltman2v@sphinn.com,082 Dunning Plaza,jcb,3537319968415260
105,Maegan,Down,8/23/1992,mdown2w@discovery.com,2 Birchwood Place,bankcard,5602234499164260
106,Curtis,Rennix,2/19/1992,crennix2x@bluehost.com,9 Debra Place,china-unionpay,560224420955780000
107,Darwin,De Filippis,4/18/1987,ddefilippis2y@edublogs.org,0463 Namekagon Trail,visa-electron,4508293076107510
108,Durante,Kohring,8/27/1991,dkohring2z@g.co,00164 Crest Line Way,instapayment,6392669914705880
109,Patrica,Proby,10/28/1990,pproby30@cargocollective.com,5489 Daystar Place,jcb,3544687170381620
110,Alejoa,Rawcliffe,7/1/1988,arawcliffe31@ebay.com,696 Maryland Place,laser,670630712857277000
111,Roda,Mullaney,4/27/1990,rmullaney32@patch.com,86 Eastwood Way,diners-club-international,36461009491343
112,Emory,Melley,11/12/1993,emelley33@java.com,7165 Alpine Terrace,maestro,6761384777583310000
113,Esteban,Van der Kruis,11/6/1985,evanderkruis34@netscape.com,991 Pepper Wood Avenue,maestro,5038614349252110000
114,Toby,McHugh,6/6/1995,tmchugh35@mozilla.org,50086 Express Way,jcb,3581472622937850
115,Jobina,Silverwood,4/1/1998,jsilverwood36@oakley.com,496 Sherman Drive,switch,4903407329802310
116,Gottfried,Robichon,12/20/1990,grobichon37@delicious.com,2 Elka Junction,laser,670964802214045000
117,Hillary,Brewett,5/3/1987,hbrewett38@nifty.com,86575 Karstens Crossing,diners-club-us-ca,5568180463997510
118,Charmian,Groocock,7/4/1998,cgroocock39@amazonaws.com,36 Eliot Junction,jcb,3586861340235060
119,Joete,Franks,10/14/1994,jfranks3a@discovery.com,79073 Nevada Hill,maestro,676247588376137000
120,Barron,Longworthy,7/30/1996,blongworthy3b@prweb.com,50 Schlimgen Point,americanexpress,337941542979033
121,Rudie,Edmundson,7/16/1986,redmundson3c@discovery.com,81 Michigan Center,jcb,3538456888671730
122,Joceline,Kirkup,5/15/1996,jkirkup3d@arizona.edu,3527 Roth Hill,solo,633455232795725000
123,Sonny,Dowda,8/14/1994,sdowda3e@hc360.com,9 Rowland Point,diners-club-carte-blanche,30032313520584
124,Debra,Denniston,3/3/1997,ddenniston3f@yahoo.com,6 Linden Alley,maestro,6762623824906660000
125,Diane-marie,Wrigglesworth,7/1/1997,dwrigglesworth3g@ucoz.ru,96704 Lyons Drive,jcb,3562114274355420
126,Reilly,O'Dooghaine,8/2/1989,rodooghaine3h@geocities.com,20398 Kenwood Drive,maestro,67591172946775100
127,Amii,De Giovanni,10/29/1990,adegiovanni3i@t-online.de,5733 Dennis Pass,maestro,630402394395715000
128,Georgy,Fanton,12/31/1988,gfanton3j@taobao.com,6 Schurz Center,jcb,3533284701767200
129,Sabina,Laugherane,11/11/1991,slaugherane3k@dedecms.com,9386 Express Circle,china-unionpay,56022493100360500
130,Yard,Tribell,9/13/1991,ytribell3l@bbb.org,308 Lawn Court,jcb,3531025685353190
131,Marcia,Duggen,9/25/1998,mduggen3m@cam.ac.uk,3 Westport Road,maestro,6759729365013530
132,Margery,Sowte,5/19/1994,msowte3n@ifeng.com,26 Logan Court,jcb,3543790469488000
133,Mirabella,MacTrustram,10/17/1997,mmactrustram3o@digg.com,4205 Burning Wood Road,jcb,3562392850630190
134,Ariana,Stillwell,5/25/1996,astillwell3p@irs.gov,91076 Hintze Road,jcb,3571737216298970
135,Jayme,Growy,12/15/1994,jgrowy3q@etsy.com,1552 Lillian Terrace,jcb,3567853349550090
136,Germayne,Savil,1/21/1989,gsavil3r@nbcnews.com,6 Canary Way,americanexpress,374288192469384
137,Adah,Proby,6/2/1988,aproby3s@yellowbook.com,95 Donald Center,mastercard,5007665740632910
138,Ashlen,Scones,1/16/1995,ascones3t@washington.edu,85036 Monterey Way,visa-electron,4175005373481100
139,Katinka,Shingfield,1/22/1998,kshingfield3u@macromedia.com,7836 Gateway Terrace,jcb,3535660641674370
140,Maison,McKirton,5/12/1996,mmckirton3v@unblog.fr,2 Emmet Court,jcb,3555996020268490
141,Goran,Plenderleith,8/25/1997,gplenderleith3w@dell.com,0 Northland Terrace,jcb,3585208871140620
142,Chet,Kulis,10/10/1992,ckulis3x@symantec.com,74 Charing Cross Street,bankcard,5602240046933910
143,Marijn,Sifleet,11/9/1985,msifleet3y@1und1.de,91448 Anniversary Trail,jcb,3542963956762560
144,Lonnie,McDarmid,6/28/1990,lmcdarmid3z@netvibes.com,2 John Wall Drive,jcb,3578378036384590
145,Renard,Kindall,2/9/1988,rkindall40@cpanel.net,9268 Dahle Alley,maestro,5038920598753280
146,Danya,Fibbitts,2/1/1996,dfibbitts41@indiatimes.com,9 Mayfield Circle,switch,4905688590238770000
147,Theda,Belton,10/17/1998,tbelton42@yellowbook.com,40942 Ronald Regan Drive,jcb,3531731253684270
148,Faina,Canape,3/18/1999,fcanape43@google.pl,7351 Nancy Parkway,jcb,3573533249423700
149,Lindsay,Perrett,11/27/1987,lperrett44@addtoany.com,4 Green Ridge Pass,jcb,3538817271640250
150,Thomasina,Evered,4/14/1997,tevered45@tuttocitta.it,375 Springview Alley,jcb,3542024280246160
151,Kellia,Stoute,12/10/1996,kstoute46@tripadvisor.com,908 Comanche Court,americanexpress,374283599554318
152,Niels,Rohlfs,3/15/1989,nrohlfs47@google.cn,3491 Swallow Way,jcb,3548255446725220
153,Field,de Nore,5/28/1998,fdenore48@hubpages.com,6 Raven Junction,visa-electron,4917560722126060
154,Neille,Tombleson,8/1/1990,ntombleson49@va.gov,3 Nobel Circle,mastercard,5010127762540110
155,Aluino,Hilhouse,3/26/1998,ahilhouse4a@gnu.org,8 Northport Road,mastercard,5010123510521470
156,Colly,Cotman,12/28/1992,ccotman4b@nsw.gov.au,8 Service Court,visa-electron,4508851337878050
157,Gianna,Laurance,11/22/1993,glaurance4c@japanpost.jp,67 Sherman Park,jcb,3578486285578950
158,Ebonee,Ellin,9/14/1997,eellin4d@jiathis.com,90742 Clove Trail,mastercard,5426521734984320
159,Roddy,Columbine,5/2/1994,rcolumbine4e@gov.uk,18919 Huxley Hill,maestro,67637010089771000
160,Malvina,Syseland,12/6/1987,msyseland4f@qq.com,7 Cherokee Street,visa-electron,4913778670330440
161,Sheelah,Ducastel,9/18/1988,sducastel4g@bbc.co.uk,0 Gulseth Alley,bankcard,5610027663654370
162,Danie,Wathen,1/17/1987,dwathen4h@nytimes.com,4745 Laurel Place,jcb,3555197950123830
163,Arlyn,Oldfield-Cherry,7/15/1986,aoldfieldcherry4i@goo.ne.jp,9 Spenser Terrace,jcb,3554601072919160
164,Culver,Boyton,12/19/1996,cboyton4j@webnode.com,7 Haas Crossing,jcb,3559482985023220
165,Saree,Whittlesee,11/20/1989,swhittlesee4k@1688.com,3 Morningstar Crossing,mastercard,5231686114363910
166,Rayna,Waterstone,2/24/1992,rwaterstone4l@amazon.de,713 Northfield Court,americanexpress,374288609267025
167,Aymer,Klima,5/18/1988,aklima4m@cargocollective.com,8533 Shasta Court,diners-club-enroute,201578018656613
168,Jorie,Woolis,7/26/1988,jwoolis4n@nasa.gov,994 Chive Road,diners-club-carte-blanche,30385878908028
169,Lucius,Dumsday,9/21/1992,ldumsday4o@domainmarket.com,677 6th Parkway,americanexpress,372301602197222
170,Fionna,Piel,5/6/1998,fpiel4p@jigsy.com,005 Graceland Alley,mastercard,5100131331159130
171,Tadeo,Crozier,3/10/1988,tcrozier4q@scientificamerican.com,26 Lotheville Street,jcb,3587741493325840
172,Nichole,Cronin,2/26/1998,ncronin4r@youku.com,1 Veith Street,jcb,3537032044811670
173,Babara,Valero,10/19/1998,bvalero4s@google.fr,59 Logan Junction,jcb,3568679042848720
174,Corilla,Larkcum,7/21/1987,clarkcum4t@utexas.edu,1 Utah Park,jcb,3576204159197310
175,Myer,Yukhin,7/2/1991,myukhin4u@hatena.ne.jp,10805 Crest Line Point,jcb,3533048310172220
176,Bobbe,Powland,3/19/1986,bpowland4v@devhub.com,5 Goodland Terrace,americanexpress,343095398289476
177,Dory,Juan,1/1/1989,djuan4w@cbsnews.com,96 Blue Bill Park Pass,jcb,3556272763326420
178,Dawna,Coslitt,2/25/1994,dcoslitt4x@symantec.com,9292 Mockingbird Court,maestro,503882178239051000
179,Zebulen,Kerss,5/12/1990,zkerss4y@mashable.com,393 Drewry Way,bankcard,5602223118388530
180,Max,Garms,12/1/1985,mgarms4z@weebly.com,52 Pawling Place,americanexpress,374283738840214
181,Lalo,Keeffe,10/12/1990,lkeeffe50@netlog.com,991 Blaine Park,jcb,3586427229975270
182,Langston,Mielnik,5/22/1987,lmielnik51@360.cn,73571 Blaine Lane,bankcard,5602210308173290
183,Sholom,Plowell,9/13/1993,splowell52@sfgate.com,83 Surrey Trail,china-unionpay,56022437459528000
184,Caritta,Phelipeau,12/14/1987,cphelipeau53@gizmodo.com,7 Packers Drive,mastercard,5492719425669590
185,Eliot,Bourdice,6/28/1991,ebourdice54@webnode.com,5097 Gerald Court,visa,4041592407083920
186,Graehme,Goldsbury,5/5/1998,ggoldsbury55@stanford.edu,6 Melrose Avenue,jcb,3578858009903930
187,Lana,French,1/25/1993,lfrench56@bandcamp.com,19 Hudson Lane,americanexpress,374283812297489
188,Donni,Fogel,12/5/1992,dfogel57@who.int,38 Service Plaza,jcb,3552783555222820
189,Ronny,Medcalf,1/21/1996,rmedcalf58@gravatar.com,310 Harper Plaza,americanexpress,337941259854916
190,Darelle,Dymidowski,12/22/1993,ddymidowski59@t.co,18242 David Crossing,visa-electron,4508544439351570
191,Faythe,Dorre,5/25/1992,fdorre5a@sitemeter.com,2392 Sommers Circle,jcb,3544142739542350
192,Jacklin,Foresight,9/14/1993,jforesight5b@wikia.com,1319 Parkside Circle,maestro,604647122438631
193,Tiffani,Jankowski,8/6/1995,tjankowski5c@abc.net.au,84682 Morrow Crossing,jcb,3586842024606200
194,Janetta,Muskett,12/16/1996,jmuskett5d@sitemeter.com,22 Nova Crossing,jcb,3541938691646570
195,Nicole,Zanelli,6/2/1993,nzanelli5e@lycos.com,37722 Schurz Center,americanexpress,374283633707419
196,Sammy,Zanettini,4/25/1988,szanettini5f@flavors.me,8 Susan Plaza,switch,633110242283203000
197,Cornell,Venner,9/23/1988,cvenner5g@parallels.com,4 Monument Street,americanexpress,374288050063204
198,Emmalynne,Topliss,12/22/1986,etopliss5h@earthlink.net,3039 Manufacturers Pass,instapayment,6399781800236410
199,Quint,Hekkert,6/22/1998,qhekkert5i@soup.io,7 Heffernan Street,americanexpress,374283158951251
200,Vincenty,Dobbinson,8/20/1999,vdobbinson5j@sun.com,2034 Dennis Parkway,jcb,3574966189319080
201,Nadine,Siddle,2/17/1997,nsiddle5k@paginegialle.it,6 Kipling Circle,diners-club-us-ca,5455786331060280
202,Granny,De Meyer,12/30/1995,gdemeyer5l@google.com.au,9 Tomscot Avenue,switch,5641822081829760000
203,Hermie,Luckin,9/24/1995,hluckin5m@slideshare.net,36161 Lakewood Gardens Park,diners-club-enroute,201752513694920
204,Corene,Caen,12/10/1987,ccaen5n@aol.com,611 Hollow Ridge Avenue,mastercard,5272642812575410
205,Bobina,Koch,9/23/1986,bkoch5o@arizona.edu,93695 Novick Plaza,solo,6334186179798690000
206,Alexa,Konerding,4/11/1987,akonerding5p@patch.com,214 Fairfield Road,maestro,675969728672364000
207,Douglass,Flawn,2/24/1989,dflawn5q@arstechnica.com,5801 Texas Park,jcb,3541443453226480
208,Adeline,Griffin,8/4/1999,agriffin5r@cisco.com,6 Thompson Junction,jcb,3584158117844690
209,Rollins,Fleming,12/18/1989,rfleming5s@apple.com,90 Cambridge Place,jcb,3550193928634340
210,Kingsley,Grigore,5/4/1997,kgrigore5t@sakura.ne.jp,05702 Anthes Street,instapayment,6384603707425130
211,Consalve,Cromie,9/19/1999,ccromie5u@flickr.com,35002 Bunting Lane,jcb,3553252028704380
212,Sal,Raddish,5/9/1995,sraddish5v@elegantthemes.com,9 Mendota Street,diners-club-carte-blanche,30444734526910
213,Bjorn,Blacksland,4/4/1989,bblacksland5w@g.co,2 Quincy Parkway,americanexpress,372301431074337
214,Alano,Ferriby,10/8/1993,aferriby5x@issuu.com,9 South Parkway,jcb,3547256174587890
215,Ramsay,Navarre,3/7/1994,rnavarre5y@state.tx.us,21173 Spaight Way,jcb,3558374640539020
216,Lenora,Teers,1/9/1989,lteers5z@360.cn,429 Larry Trail,visa-electron,4026411916354480
217,Lisabeth,Jeffs,3/29/1995,ljeffs60@deviantart.com,5 Michigan Circle,diners-club-carte-blanche,30048267403429
218,Eleonore,Bugge,7/2/1990,ebugge61@spotify.com,76 Hovde Pass,jcb,3575084813390190
219,Darcee,Takkos,11/3/1997,dtakkos62@artisteer.com,08415 Truax Street,jcb,3552211033407400
220,Carmon,Moncrieffe,7/14/1999,cmoncrieffe63@phpbb.com,06654 Sunfield Parkway,jcb,3555679801413510
221,Sheela,Boumphrey,10/3/1992,sboumphrey64@tripadvisor.com,638 Victoria Hill,jcb,3558819319174900
222,Henri,L' Anglois,6/2/1985,hlanglois65@hao123.com,866 Havey Pass,jcb,3573823311985630
223,Alaine,Dallemore,10/7/1997,adallemore66@tripod.com,9 Nobel Crossing,maestro,604228075567209000
224,Hansiain,Custy,9/18/1995,hcusty67@bandcamp.com,748 Pearson Parkway,jcb,3554149049484420
225,Efrem,Alcock,9/1/1997,ealcock68@cam.ac.uk,4 Anderson Court,jcb,3578618080750110
226,Mayor,Bendall,2/28/1987,mbendall69@usda.gov,22564 Shasta Street,jcb,3586687452381360
227,Yule,Schreiner,7/23/1989,yschreiner6a@blogger.com,107 Forest Run Hill,visa-electron,4026527245529020
228,Mercie,Linskey,7/31/1990,mlinskey6b@yandex.ru,096 Aberg Terrace,jcb,3587283791791880
229,Buck,Natt,8/8/1990,bnatt6c@census.gov,44677 Chinook Lane,instapayment,6383075065241680
230,Rosa,Liveing,9/16/1985,rliveing6d@behance.net,31 Melody Hill,mastercard,5002353768546790
231,Richy,Farnsworth,7/12/1986,rfarnsworth6e@tiny.cc,67 Redwing Hill,maestro,5038629936339210000
232,Kain,Minett,1/19/1994,kminett6f@friendfeed.com,97 Michigan Crossing,jcb,3541581299603440
233,Erasmus,Degli Antoni,5/29/1988,edegliantoni6g@flickr.com,1 Village Hill,jcb,3552423270558830
234,Robbi,De Bernardis,4/19/1996,rdebernardis6h@miitbeian.gov.cn,3973 Lawn Park,jcb,3575970056852970
235,Karolina,Laird-Craig,7/2/1986,klairdcraig6i@ibm.com,3 Ryan Alley,jcb,3560879195323160
236,Dudley,Meachem,8/2/1989,dmeachem6j@homestead.com,4818 Shoshone Terrace,solo,633403297699938000
237,Genna,Franceschelli,8/26/1997,gfranceschelli6k@mapy.cz,3 Rockefeller Center,mastercard,5464419981594800
238,Chalmers,Leggott,12/17/1996,cleggott6l@wunderground.com,4054 Dawn Crossing,maestro,58932290837317100
239,Teddie,Beagrie,6/1/1998,tbeagrie6m@twitter.com,9989 Chinook Point,diners-club-carte-blanche,30527260000001
240,Loralie,Belleny,10/4/1999,lbelleny6n@t-online.de,86959 Michigan Trail,visa-electron,4175009809425030
241,Simone,MacKaig,5/14/1987,smackaig6o@harvard.edu,77574 Green Ridge Point,americanexpress,372301548766106
242,Bessie,Seymark,3/1/1999,bseymark6p@yahoo.co.jp,27 Grim Way,laser,630484261469449000
243,Avis,Tolomio,6/14/1988,atolomio6q@mit.edu,30459 Welch Road,jcb,3531423439178720
244,Daisey,Gladdolph,9/26/1998,dgladdolph6r@nydailynews.com,9279 Schurz Alley,visa-electron,4844012742818820
245,Nita,Kenningley,8/7/1986,nkenningley6s@yandex.ru,331 Orin Way,jcb,3536378083435780
246,Analiese,Oxton,6/12/1985,aoxton6t@globo.com,55635 East Parkway,jcb,3586032658968060
247,Vivianne,Warcup,5/8/1985,vwarcup6u@yellowpages.com,06962 Superior Alley,jcb,3540005627714970
248,Onfroi,Lieb,12/24/1995,olieb6v@tiny.cc,78282 Basil Drive,jcb,3576625459124950
249,Christel,Siggens,2/18/1985,csiggens6w@is.gd,9 Cordelia Crossing,jcb,3543824373610100
250,Dorry,Bridgestock,6/29/1985,dbridgestock6x@4shared.com,6 5th Lane,instapayment,6394107187267210
251,Amalee,Regler,8/4/1989,aregler6y@seattletimes.com,4 Monterey Point,jcb,3575476252164340
252,Jeremiah,Lurner,11/27/1986,jlurner6z@reddit.com,3 Farwell Junction,mastercard,5002357576752150
253,Rab,Lucia,8/7/1993,rlucia70@uol.com.br,33785 Alpine Circle,maestro,6762546009152340
254,Giovanna,Cowl,9/20/1998,gcowl71@yahoo.com,957 Surrey Place,jcb,3531638333703830
255,Bibi,Sedgemond,6/13/1987,bsedgemond72@ycombinator.com,7576 Calypso Avenue,switch,6759678361996760
256,Evanne,Douthwaite,6/9/1989,edouthwaite73@merriam-webster.com,84420 Susan Road,jcb,3569884854756060
257,Morlee,Jobke,10/6/1990,mjobke74@cbslocal.com,7585 Kennedy Drive,jcb,3568737592097020
258,Field,Treace,5/1/1988,ftreace75@globo.com,76 Jenna Junction,americanexpress,374283408933265
259,Jacquie,Stolberg,3/24/1990,jstolberg76@businessinsider.com,686 Pennsylvania Trail,maestro,63040828618988000
260,Kimmi,Vedeshkin,2/11/1990,kvedeshkin77@deviantart.com,315 Straubel Circle,diners-club-enroute,201727797297988
261,Hedwig,Wylam,12/9/1990,hwylam78@vimeo.com,87973 Westridge Street,jcb,3581940159019390
262,Janaye,Spinige,4/8/1992,jspinige79@yellowbook.com,0582 Declaration Lane,jcb,3577043981126300
263,Camella,Lebbern,6/22/1997,clebbern7a@nhs.uk,9 Redwing Court,maestro,6761510394382130000
264,Clarinda,Broomhall,6/4/1993,cbroomhall7b@ning.com,9 Del Sol Road,china-unionpay,56022374629411000
265,Nevile,Bewlie,7/25/1997,nbewlie7c@tripadvisor.com,76582 Fremont Junction,jcb,3534104125641470
266,Hildegaard,Durnan,5/29/1986,hdurnan7d@discovery.com,01446 Logan Pass,jcb,3581200808277420
267,Edna,Durrad,4/24/1990,edurrad7e@1und1.de,540 Milwaukee Road,switch,564182128802223000
268,Marsiella,Ladlow,6/18/1986,mladlow7f@google.it,36178 Waywood Circle,diners-club-carte-blanche,30504919961651
269,Sondra,Ottewell,4/19/1994,sottewell7g@amazon.co.jp,91 Melvin Junction,maestro,67627982050982100
270,Christy,Cuningham,9/20/1991,ccuningham7h@hhs.gov,14394 Prentice Road,diners-club-carte-blanche,30531471789600
271,Trish,Robert,1/21/1996,trobert7i@princeton.edu,2 Dennis Parkway,diners-club-international,36521211032027
272,Benjamen,Forshaw,7/18/1995,bforshaw7j@cpanel.net,7492 Darwin Avenue,americanexpress,374288116386151
273,Rosalinda,Tregea,12/19/1999,rtregea7k@va.gov,050 Michigan Way,bankcard,5602239032359930
274,Abagail,Southworth,5/14/1997,asouthworth7l@delicious.com,16 Mitchell Alley,americanexpress,376301235275490
275,Granthem,Hazard,3/18/1995,ghazard7m@yandex.ru,42 Laurel Trail,mastercard,5100174474975430
276,Hobey,Stiell,1/17/1996,hstiell7n@omniture.com,2 Fieldstone Lane,jcb,3558884103878810
277,Johnathon,Waite,4/28/1988,jwaite7o@alibaba.com,138 Grim Park,jcb,3576660373609120
278,Chelsey,Mountfort,10/16/1993,cmountfort7p@usatoday.com,9094 Forster Drive,jcb,3575393522315070
279,Whitman,Hyman,4/10/1990,whyman7q@elegantthemes.com,40 Myrtle Place,jcb,3558520001085860
280,Dew,Keiling,4/15/1998,dkeiling7r@paginegialle.it,07 Cardinal Circle,americanexpress,374283638984872
281,Paulie,Clement,8/3/1990,pclement7s@cbsnews.com,23 Mayfield Plaza,china-unionpay,560225453360668000
282,Edd,Pear,2/5/1987,epear7t@zimbio.com,9 Bayside Terrace,jcb,3544953727895250
283,Chaunce,Blockwell,8/1/1989,cblockwell7u@adobe.com,484 Cardinal Hill,maestro,6761944376211540000
284,Wake,Reimer,8/13/1987,wreimer7v@epa.gov,16 Vidon Crossing,jcb,3574300710799210
285,Sibilla,Denford,7/18/1987,sdenford7w@macromedia.com,56379 Farwell Terrace,visa,4041592873525
286,Nana,Gerrie,6/12/1987,ngerrie7x@free.fr,421 Alpine Lane,mastercard,5342595602389990
287,Christy,Bollard,11/8/1993,cbollard7y@shutterfly.com,6 Blackbird Avenue,jcb,3583452867334300
288,Aurlie,Glaysher,2/7/1989,aglaysher7z@phoca.cz,03404 American Ash Hill,jcb,3544024790590460
289,Geno,Bourton,2/10/1998,gbourton80@issuu.com,4 Del Sol Junction,americanexpress,337941714952826
290,Cynthia,Normavill,3/5/1987,cnormavill81@t.co,25 Blaine Park,jcb,3567228217797470
291,Etty,Werndly,12/26/1992,ewerndly82@canalblog.com,04563 Petterle Lane,maestro,675996515670910000
292,Zeb,Byres,11/24/1991,zbyres83@pcworld.com,5 Hagan Trail,americanexpress,374283810034611
293,Rice,Fairfull,11/19/1990,rfairfull84@gizmodo.com,50465 Marcy Avenue,jcb,3555094355121450
294,Bidget,Sucre,9/20/1989,bsucre85@go.com,3 Lunder Terrace,jcb,3546661502358580
295,Elijah,Olpin,7/21/1995,eolpin86@istockphoto.com,758 Bobwhite Place,china-unionpay,560223653053031000
296,Evy,Crean,2/20/1985,ecrean87@whitehouse.gov,2699 Pepper Wood Terrace,jcb,3547120292212020
297,Chiquita,Echlin,11/19/1989,cechlin88@typepad.com,65 Pierstorff Street,jcb,3572884896540430
298,Jerrie,Domokos,10/25/1991,jdomokos89@mail.ru,5 Memorial Junction,jcb,3535642534834540
299,Cinderella,Remington,8/19/1986,cremington8a@usa.gov,86 American Trail,jcb,3529717230724910
300,Windham,Cluely,3/21/1998,wcluely8b@slashdot.org,242 Kim Terrace,solo,6767496399828710000
301,Oren,McLanaghan,12/30/1998,omclanaghan8c@merriam-webster.com,5979 Kipling Circle,jcb,3572079865560830
302,Sherill,Slevin,9/10/1997,sslevin8d@shinystat.com,8 Moland Junction,jcb,3533104925453280
303,Giulia,Selly,7/28/1990,gselly8e@nationalgeographic.com,0451 Badeau Place,diners-club-enroute,201669311131592
304,Farlay,Hodge,5/17/1987,fhodge8f@163.com,96 Sugar Circle,jcb,3566286185360420
305,Gannon,Ribbon,12/6/1990,gribbon8g@usa.gov,00 Butterfield Point,instapayment,6382232195882970
306,Ophelia,Gillis,9/17/1996,ogillis8h@jalbum.net,73 Sloan Point,jcb,3546809332475960
307,Esme,Zmitrichenko,4/3/1995,ezmitrichenko8i@networksolutions.com,27401 Mandrake Point,switch,4936347687726230
308,Lucio,Bizley,8/31/1991,lbizley8j@newyorker.com,0 Burning Wood Lane,bankcard,5610281867452830
309,Marta,Hanalan,3/27/1989,mhanalan8k@sphinn.com,3 Homewood Alley,diners-club-carte-blanche,30564448276377
310,Rae,Boatman,5/26/1995,rboatman8l@multiply.com,7 Twin Pines Circle,jcb,3538473925482060
311,Beniamino,Hunt,4/14/1988,bhunt8m@alibaba.com,429 Crest Line Junction,jcb,3556957290191310
312,Tessi,Craine,4/2/1988,tcraine8n@digg.com,7 Ilene Parkway,diners-club-enroute,201400763069548
313,Bronnie,Fitter,6/18/1990,bfitter8o@netvibes.com,06 Karstens Street,jcb,3544663811917060
314,Guglielma,Waszczykowski,12/31/1995,gwaszczykowski8p@sohu.com,3989 Algoma Street,jcb,3536310413476680
315,Doti,Heasman,12/1/1994,dheasman8q@thetimes.co.uk,447 Fulton Pass,jcb,3568835061807800
316,Kessia,Roseman,8/5/1997,kroseman8r@tmall.com,1 Huxley Park,diners-club-us-ca,5567596564744970
317,Flint,Laverack,9/18/1994,flaverack8s@gizmodo.com,13 Continental Crossing,jcb,3578481406878750
318,Barr,Dominique,11/19/1994,bdominique8t@goo.gl,07888 Holmberg Drive,jcb,3546920697589640
319,Chelsy,Dodd,10/22/1994,cdodd8u@networkadvertising.org,9 Butterfield Road,jcb,3553615023768840
320,Zane,Gristwood,5/6/1995,zgristwood8v@discovery.com,96990 Carberry Crossing,instapayment,6376009159492520
321,Jeannine,Ryrie,3/14/1993,jryrie8w@ow.ly,7 Namekagon Plaza,jcb,3533004241614170
322,Brok,Lavall,1/7/1997,blavall8x@google.co.jp,7962 Union Pass,jcb,3574876210141430
323,Jana,Denyukin,11/7/1985,jdenyukin8y@bizjournals.com,76 Clarendon Terrace,visa,4017951635205970
324,Darlene,Gliddon,10/7/1991,dgliddon8z@a8.net,04 Claremont Parkway,jcb,3536657832907930
325,Ford,Hendren,10/3/1992,fhendren90@indiatimes.com,16 Sullivan Point,china-unionpay,5602230940057700
326,Justinian,Jeanneau,2/2/1994,jjeanneau91@irs.gov,80257 6th Center,switch,4903470068944770
327,Noell,Polglase,3/23/1996,npolglase92@imageshack.us,54 La Follette Crossing,maestro,604423489429817000
328,Val,Ellicombe,4/8/1996,vellicombe93@alexa.com,0 Declaration Point,visa,4041599247202
329,Ginevra,Coveney,11/27/1996,gcoveney94@skype.com,1 Manufacturers Road,jcb,3577301147175940
330,Cornelle,Meys,8/18/1986,cmeys95@friendfeed.com,22468 Michigan Way,jcb,3588940972673460
331,Hewie,Choppin,6/11/1991,hchoppin96@bravesites.com,67 Pearson Court,americanexpress,340222159196343
332,Alphonse,Lambourn,8/25/1986,alambourn97@google.de,21 Chive Junction,bankcard,5602258103835440
333,Mortie,Kuhnt,12/13/1999,mkuhnt98@odnoklassniki.ru,1 Swallow Drive,jcb,3583359151491980
334,Jameson,Praill,9/25/1991,jpraill99@twitpic.com,87621 3rd Lane,jcb,3543111006167400
335,Luelle,Lanfranconi,8/23/1986,llanfranconi9a@free.fr,8 Butternut Center,jcb,3575761217645160
336,Netti,Moorey,9/13/1991,nmoorey9b@indiegogo.com,68600 Red Cloud Terrace,diners-club-enroute,201612224531375
337,Shirley,Machans,4/22/1999,smachans9c@dagondesign.com,920 Katie Lane,switch,490301466616975000
338,Marlin,Loftie,7/28/1997,mloftie9d@businessinsider.com,084 Mesta Trail,diners-club-us-ca,5545782111938670
339,Debby,Mellenby,1/4/1990,dmellenby9e@rambler.ru,28 Fulton Parkway,mastercard,5446036338669130
340,Dasi,Olczak,4/11/1992,dolczak9f@ihg.com,926 Menomonie Way,jcb,3552612177181830
341,Sax,Fraschini,10/15/1993,sfraschini9g@dell.com,0 Monument Court,mastercard,5002351903668690
342,Bryna,Fortman,2/25/1999,bfortman9h@youtube.com,3 Elmside Center,jcb,3539114697370940
343,Paolo,Iacapucci,4/13/1988,piacapucci9i@posterous.com,43 Elka Road,mastercard,5344485035793850
344,Godwin,Andrasch,1/21/1996,gandrasch9j@fastcompany.com,8694 Mesta Point,jcb,3582846239706580
345,Vivia,Orange,12/22/1999,vorange9k@eventbrite.com,186 Hauk Road,jcb,3556794205196220
346,Cassi,Inger,12/17/1989,cinger9l@icq.com,35 New Castle Junction,mastercard,5007663795181860
347,Shirley,Capstick,9/21/1995,scapstick9m@who.int,1 Scofield Point,bankcard,5602254342244830
348,Gayle,Larkworthy,3/21/1992,glarkworthy9n@printfriendly.com,09259 Westend Way,jcb,3546008376696620
349,Shermy,De Zuani,12/12/1991,sdezuani9o@businessinsider.com,5 Dahle Street,americanexpress,371498488720738
350,Alina,Tryhorn,8/17/1992,atryhorn9p@netscape.com,51343 Continental Pass,visa-electron,4844604612467540
351,Verney,Kempson,12/29/1989,vkempson9q@squidoo.com,4146 South Trail,instapayment,6370244714818590
352,Yovonnda,Pryke,4/2/1988,ypryke9r@bbc.co.uk,0241 Judy Drive,visa-electron,4913767359541170
353,Zorah,Jatczak,6/8/1987,zjatczak9s@arstechnica.com,5906 Grim Terrace,jcb,3577135069396960
354,Leeland,Carette,12/2/1995,lcarette9t@un.org,51 Barby Avenue,switch,6331104578634120000
355,Diego,Diplock,7/26/1994,ddiplock9u@cbc.ca,41384 Portage Junction,jcb,3566307204424120
356,Garrett,Janiak,9/24/1999,gjaniak9v@google.fr,72704 Havey Road,americanexpress,337941913593512
357,Bartie,McCoughan,8/14/1987,bmccoughan9w@sbwire.com,8674 Buell Trail,diners-club-enroute,201991828550241
358,Christa,Burchard,4/27/1990,cburchard9x@xrea.com,2743 Shopko Lane,diners-club-carte-blanche,30013564043104
359,Jacklyn,Eggar,12/26/1996,jeggar9y@mediafire.com,185 Troy Pass,jcb,3563950269260540
360,Zita,Saile,11/28/1998,zsaile9z@shareasale.com,3 Pierstorff Point,jcb,3558815421924460
361,Paulette,Tomlinson,4/18/1992,ptomlinsona0@columbia.edu,9612 Erie Parkway,jcb,3579504027806570
362,Alana,Baldacco,6/1/1990,abaldaccoa1@artisteer.com,1 Meadow Vale Crossing,mastercard,5275846869726990
363,Arlie,Snozzwell,10/9/1992,asnozzwella2@shareasale.com,2717 Spenser Alley,jcb,3583715246167570
364,Pansy,Errichelli,10/9/1987,perrichellia3@nifty.com,95 Jana Road,americanexpress,374622547914936
365,Jule,Warmisham,3/19/1994,jwarmishama4@feedburner.com,5 Hintze Junction,jcb,3565864397184010
366,Lola,Summerson,6/29/1991,lsummersona5@youku.com,0 Oakridge Hill,jcb,3568876487446750
367,Nicolis,Strugnell,10/21/1985,nstrugnella6@cisco.com,666 Forster Point,americanexpress,372287477659216
368,Wenona,Pawlicki,10/22/1986,wpawlickia7@reddit.com,09682 Union Court,diners-club-enroute,201649170199237
369,Scarlet,Corrin,9/13/1997,scorrina8@t-online.de,044 Burrows Circle,jcb,3585257946538480
370,Esther,Ethelstone,8/24/1994,eethelstonea9@intel.com,861 Cottonwood Place,jcb,3546547233008940
371,Lyndsie,Jzak,7/19/1990,ljzakaa@tamu.edu,92037 Susan Road,visa-electron,4913455792207450
372,Freemon,Henlon,2/17/1999,fhenlonab@imageshack.us,51 North Lane,visa-electron,4913820954479120
373,Griffith,Farlowe,10/13/1998,gfarloweac@hatena.ne.jp,3 Park Meadow Crossing,switch,564182528021531000
374,Turner,Roseblade,10/27/1990,trosebladead@latimes.com,36265 Autumn Leaf Alley,jcb,3559017004348670
375,Igor,Coxhell,10/23/1995,icoxhellae@usgs.gov,33738 Dwight Hill,china-unionpay,5602256214974560
376,Lissi,Lutty,6/2/1997,lluttyaf@census.gov,1 Texas Terrace,mastercard,5002350509099740
377,Tilda,Ginie,12/17/1996,tginieag@bing.com,76 Muir Way,jcb,3532997275600650
378,Luz,Cordeiro,3/6/1988,lcordeiroah@newyorker.com,51405 Pond Way,jcb,3538899734161830
379,Thornton,Bartolomeu,1/7/1994,tbartolomeuai@miibeian.gov.cn,2 Emmet Junction,maestro,50384880041269700
380,Thaddus,Stroobant,2/15/1990,tstroobantaj@abc.net.au,18002 Buena Vista Trail,mastercard,5007660664753110
381,Tiena,Keeri,7/5/1998,tkeeriak@imdb.com,92 Green Parkway,mastercard,5048375344751090
382,Margie,Desesquelle,4/14/1998,mdesesquelleal@joomla.org,885 Atwood Center,visa-electron,4913459271061780
383,Lorry,Clayal,12/2/1995,lclayalam@t.co,21 Maryland Street,diners-club-carte-blanche,30409021708489
384,Simmonds,Hoxey,9/21/1993,shoxeyan@uol.com.br,414 Hoard Center,jcb,3569468877379620
385,Frazer,Casari,7/31/1990,fcasariao@geocities.jp,80 Novick Terrace,jcb,3560452702323520
386,Ricca,Medmore,3/30/1988,rmedmoreap@nature.com,04006 Eggendart Place,mastercard,5100140058872300
387,Alene,Espinoza,9/27/1989,aespinozaaq@storify.com,2 Moland Drive,jcb,3548498859243720
388,Glenden,Sieur,2/21/1986,gsieurar@friendfeed.com,58987 Di Loreto Pass,mastercard,5100140341812810
389,Chauncey,Brewett,4/14/1995,cbrewettas@theglobeandmail.com,2044 Logan Lane,diners-club-enroute,201879473324519
390,Demott,Roughan,6/14/1991,droughanat@apple.com,7 Twin Pines Crossing,maestro,67623562634151000
391,Morly,MacKenney,10/18/1995,mmackenneyau@usgs.gov,826 Oak Valley Hill,maestro,50187195106874600
392,Morton,Warrick,6/13/1985,mwarrickav@wikipedia.org,3 Buell Trail,diners-club-international,36151160299359
393,Shea,Parram,6/13/1990,sparramaw@nba.com,92 Mifflin Park,jcb,3531418279644110
394,Garland,Healey,2/21/1996,ghealeyax@jalbum.net,87 Spenser Lane,visa,4041594934998860
395,Laural,Heamus,7/18/1995,lheamusay@bravesites.com,3153 Anniversary Court,jcb,3540317947040790
396,Jarrett,Husher,7/30/1995,jhusheraz@gmpg.org,02 Scott Junction,jcb,3556598303022440
397,Bobinette,Marsy,10/15/1992,bmarsyb0@so-net.ne.jp,469 Spaight Alley,switch,4911477887311140
398,Charmaine,Bisson,7/26/1998,cbissonb1@tripadvisor.com,00 Maryland Road,jcb,3541851052550180
399,Horacio,Stanlick,1/27/1987,hstanlickb2@w3.org,3105 Fordem Park,china-unionpay,5602220775861000000
400,Neddy,Bratt,1/22/1986,nbrattb3@cornell.edu,63 Redwing Alley,diners-club-enroute,201784116704269
401,Byrle,Simnell,9/19/1985,bsimnellb4@bizjournals.com,21 Summerview Point,china-unionpay,56022406975468400
402,Corbin,Clace,5/30/1986,cclaceb5@wordpress.com,209 Steensland Crossing,diners-club-carte-blanche,30393765675288
403,Tonnie,Trustey,11/7/1987,ttrusteyb6@skype.com,806 Oakridge Street,switch,6331105018185550
404,Currie,Rozsa,4/27/1993,crozsab7@pcworld.com,88329 East Plaza,jcb,3569636205294040
405,Dix,Ransley,7/20/1993,dransleyb8@nature.com,11935 Mockingbird Pass,jcb,3562107834888900
406,Roxanne,Raspison,11/29/1989,rraspisonb9@msn.com,59 Sundown Center,jcb,3546022094545780
407,Adriana,Torn,9/29/1986,atornba@bloomberg.com,5989 Dapin Park,maestro,5893706547428070000
408,Lissa,Skeates,3/19/1996,lskeatesbb@tinypic.com,95 Dennis Way,jcb,3569728163146580
409,Marlon,Morgan,7/19/1988,mmorganbc@google.co.jp,48 Prairieview Road,switch,4905770699382370000
410,Abrahan,Ormerod,7/11/1990,aormerodbd@123-reg.co.uk,280 Onsgard Pass,americanexpress,374288276706339
411,Kally,McGrouther,5/29/1994,kmcgroutherbe@wikimedia.org,91 Cherokee Pass,jcb,3530228012039300
412,Fancy,Pyvis,1/13/1989,fpyvisbf@cbc.ca,22361 Buell Junction,switch,4905884158016550
413,Haroun,Bennitt,2/13/1999,hbennittbg@dot.gov,4 Pine View Pass,solo,6334142434033730000
414,Roch,Stephens,1/20/1987,rstephensbh@nasa.gov,4 Mcbride Park,americanexpress,374283626651202
415,Nanete,Probbing,4/14/1990,nprobbingbi@utexas.edu,521 Armistice Trail,visa-electron,4508003459253330
416,Amble,Gamon,2/11/1994,agamonbj@yelp.com,23 Oxford Place,mastercard,5115208664624750
417,Dani,Ohlsen,5/15/1995,dohlsenbk@businessweek.com,832 Morning Alley,jcb,3532828994298680
418,Susana,Dowdeswell,6/28/1996,sdowdeswellbl@mapy.cz,3326 Towne Avenue,visa-electron,4026959314990180
419,Diannne,Broske,5/2/1987,dbroskebm@storify.com,061 Ridgeway Place,visa-electron,4844696191614480
420,Marianne,Issit,11/16/1995,missitbn@reverbnation.com,0 Oneill Court,americanexpress,374288098112245
421,Far,Orpyne,11/6/1985,forpynebo@arstechnica.com,18 Eastwood Court,jcb,3585548659424630
422,Barnie,Trainor,11/24/1987,btrainorbp@sbwire.com,38129 Hovde Circle,jcb,3588152396341940
423,Hanny,Cotgrave,7/16/1989,hcotgravebq@nba.com,0 School Court,jcb,3529734380740280
424,Leonie,Wellstood,12/25/1996,lwellstoodbr@joomla.org,02663 Marcy Road,jcb,3530601355738760
425,Terencio,Brodeur,10/26/1989,tbrodeurbs@nbcnews.com,130 Algoma Plaza,bankcard,5602215812335570
426,Elwira,Dusting,6/27/1991,edustingbt@deliciousdays.com,11 Ludington Crossing,diners-club-enroute,201444258833372
427,Orsa,Jewers,4/16/1986,ojewersbu@yandex.ru,91 Cambridge Place,switch,633317884123226000
428,Minne,Hendren,9/2/1989,mhendrenbv@ocn.ne.jp,7 East Drive,switch,4905432043527170
429,Lanae,Ruffli,5/6/1989,lrufflibw@google.com,162 Wayridge Junction,americanexpress,345440969949405
430,Karilynn,Ginie,9/11/1996,kginiebx@hhs.gov,325 Wayridge Avenue,mastercard,5376469679527750
431,Jerald,Zaniolini,5/28/1989,jzanioliniby@joomla.org,45231 Cascade Point,diners-club-enroute,201636883748343
432,Janeen,Savoury,7/19/1998,jsavourybz@ehow.com,44 Roth Terrace,instapayment,6396147386166100
433,Marlane,Savoury,4/10/1994,msavouryc0@youtu.be,14092 Eggendart Lane,china-unionpay,5602213626312420
434,Budd,Tuddall,7/20/1989,btuddallc1@aol.com,85 Novick Avenue,china-unionpay,560225280245476000
435,Stephannie,Meadmore,5/1/1987,smeadmorec2@opensource.org,90947 Carey Pass,switch,564182833862710000
436,Ula,Cuzen,4/17/1996,ucuzenc3@livejournal.com,289 Spohn Crossing,mastercard,5100146670921550
437,Dimitry,Fullalove,5/22/1989,dfullalovec4@businesswire.com,528 Canary Trail,switch,6759814420270930
438,Nicholas,Roakes,3/3/1994,nroakesc5@tiny.cc,38 Spohn Lane,china-unionpay,5602259528378520
439,Lora,Fresson,8/24/1990,lfressonc6@guardian.co.uk,9396 Hollow Ridge Hill,switch,6333462451382710000
440,Barri,Yushin,3/15/1985,byushinc7@google.co.uk,5 Ruskin Terrace,switch,633110588827000000
441,Foss,Capozzi,6/16/1991,fcapozzic8@google.com,6 Vahlen Avenue,switch,490316491759671000
442,Abagael,Lacy,3/7/1987,alacyc9@house.gov,9 Green Ridge Center,diners-club-carte-blanche,30325677443439
443,Roxane,Costley,1/15/1989,rcostleyca@spiegel.de,21 Sullivan Avenue,mastercard,5048371564835630
444,Jo ann,Hindge,4/16/1998,jhindgecb@yahoo.com,0 Oakridge Park,china-unionpay,560221292734999000
445,Nick,Peasee,5/3/1993,npeaseecc@google.es,87119 Mendota Drive,jcb,3561946217226870
446,Lynsey,Davydoch,7/13/1989,ldavydochcd@deliciousdays.com,203 Lyons Place,diners-club-carte-blanche,30255391843228
447,Hildy,Schwand,3/25/1998,hschwandce@senate.gov,81 Talisman Lane,jcb,3573508495946160
448,Ferrel,Retter,11/9/1993,frettercf@hibu.com,8475 Killdeer Crossing,jcb,3565517987164950
449,Broddie,Catford,11/4/1990,bcatfordcg@umich.edu,1346 Scott Junction,jcb,3558593749897710
450,Maggie,Wraighte,5/5/1996,mwraightech@whitehouse.gov,2876 Corben Crossing,mastercard,5007666409976420
451,Adham,Delhanty,11/1/1994,adelhantyci@twitpic.com,153 Debra Place,mastercard,5010120376257170
452,Jacquelynn,Simoncelli,12/5/1997,jsimoncellicj@dedecms.com,313 Miller Hill,jcb,3579612193735350
453,Frasier,De Normanville,7/20/1999,fdenormanvilleck@histats.com,52175 Moose Hill,americanexpress,337941396808999
454,Deana,Di Roberto,1/3/1987,ddirobertocl@marriott.com,76 Corben Terrace,instapayment,6387671500547050
455,Aviva,Foulks,1/7/1992,afoulkscm@bloglovin.com,7 Ridgeview Drive,jcb,3554796659638820
456,Selene,Pulman,11/26/1997,spulmancn@columbia.edu,15 Shopko Pass,jcb,3542668813371670
457,Rici,Beech,10/31/1999,rbeechco@house.gov,98 Rutledge Circle,jcb,3580825372763810
458,Barty,Gaymar,10/31/1990,bgaymarcp@vimeo.com,355 Eliot Road,diners-club-carte-blanche,30176104388063
459,Druci,Abrahmson,1/24/1996,dabrahmsoncq@newsvine.com,363 Eliot Junction,jcb,3577322862276710
460,Toddie,Castana,8/4/1988,tcastanacr@php.net,03 Sage Parkway,jcb,3571201734379050
461,Sonnie,Sands-Allan,4/29/1994,ssandsallancs@edublogs.org,3 Lake View Plaza,diners-club-enroute,201636585524786
462,Elicia,Corbert,7/10/1987,ecorbertct@house.gov,0 Warbler Road,mastercard,5048371092985910
463,Sheilakathryn,MacAlroy,5/1/1990,smacalroycu@answers.com,1621 Logan Street,china-unionpay,5602242927843960
464,Ferd,Mutch,11/10/1995,fmutchcv@list-manage.com,09 Fair Oaks Pass,jcb,3531740367385870
465,Dag,Clapshaw,9/10/1994,dclapshawcw@opensource.org,5 Dexter Junction,diners-club-international,36688628663668
466,Janek,Longhorne,2/14/1994,jlonghornecx@europa.eu,6670 Tennyson Circle,diners-club-enroute,201828737384249
467,Elias,Murkitt,8/24/1987,emurkittcy@deliciousdays.com,90856 Oakridge Avenue,jcb,3547811947289530
468,Mildred,Mahon,5/3/1995,mmahoncz@marriott.com,7 Mccormick Center,diners-club-enroute,201449421475274
469,Wendel,Grogan,4/27/1995,wgrogand0@buzzfeed.com,416 Warbler Way,jcb,3583728752239010
470,Gearard,Durbyn,8/4/1986,gdurbynd1@jimdo.com,06 Roth Road,jcb,3537635620675820
471,Catha,Smither,2/15/1999,csmitherd2@cdbaby.com,2 Village Green Junction,diners-club-international,36210893339096
472,Stacee,Cunnell,12/2/1986,scunnelld3@is.gd,631 Menomonie Circle,laser,6304961761442940
473,Carmel,Breissan,6/8/1986,cbreissand4@reverbnation.com,73 Dryden Parkway,visa-electron,4508940470705700
474,Wallace,Extall,5/4/1995,wextalld5@amazonaws.com,5714 Northview Place,americanexpress,341197483436145
475,Salem,Villalta,12/21/1992,svillaltad6@phoca.cz,81 Carey Court,jcb,3565467716443340
476,Leila,Burdge,9/7/1999,lburdged7@jimdo.com,81 Kenwood Court,jcb,3584563621413410
477,Skelly,Fogel,5/3/1986,sfogeld8@arizona.edu,710 Pleasure Crossing,jcb,3553574705237750
478,Cosme,Doughill,3/1/1993,cdoughilld9@samsung.com,18 Loomis Circle,bankcard,5602222680191270
479,Aili,Hadny,10/28/1992,ahadnyda@unblog.fr,92473 Maple Court,visa-electron,4508563382908630
480,Emogene,Bertouloume,10/20/1995,ebertouloumedb@twitpic.com,4782 Dakota Alley,jcb,3575369479217140
481,Danya,Brager,3/2/1999,dbragerdc@homestead.com,9834 Oak Point,jcb,3559162984522740
482,Jacquie,Fores,6/20/1994,jforesdd@cnbc.com,48 Glendale Pass,jcb,3541234789284870
483,Peggie,Ortes,7/2/1998,portesde@wsj.com,95 Vidon Street,jcb,3547162245519760
484,Rick,Sappell,9/8/1990,rsappelldf@flavors.me,1 2nd Terrace,jcb,3560663018903400
485,Clementine,MacCoughan,7/10/1994,cmaccoughandg@macromedia.com,866 Chinook Court,mastercard,5155709202438600
486,Barbette,Stitt,2/23/1989,bstittdh@businessinsider.com,01 Wayridge Center,americanexpress,374288685351016
487,Gabriel,Copo,1/8/1999,gcopodi@springer.com,619 Oxford Point,americanexpress,372301973128004
488,Caleb,Gammel,1/24/1997,cgammeldj@google.com.br,921 Loftsgordon Road,jcb,3547006673440350
489,Darda,Perrycost,3/8/1998,dperrycostdk@freewebs.com,53051 Garrison Plaza,laser,67712379395488200
490,Lizabeth,Pattini,9/4/1994,lpattinidl@google.it,3 Esker Road,instapayment,6395427006864180
491,Otto,Guyer,12/10/1988,oguyerdm@parallels.com,5 Tony Parkway,jcb,3569452813979790
492,Randie,Cordobes,8/10/1985,rcordobesdn@typepad.com,588 Toban Way,mastercard,5048370473574600
493,Kele,Haddinton,4/21/1997,khaddintondo@symantec.com,4 Lyons Place,visa-electron,4913568767160070
494,Wynnie,Woodvine,1/13/1998,wwoodvinedp@example.com,83592 Manley Terrace,mastercard,5154820211592190
495,Ami,Attarge,12/3/1994,aattargedq@cam.ac.uk,8837 Lake View Terrace,jcb,3558890041218640
496,Piper,Daysh,9/24/1990,pdayshdr@wikimedia.org,5 3rd Parkway,mastercard,5002359102258930
497,Ardelle,Menlow,4/24/1985,amenlowds@stanford.edu,91658 5th Lane,maestro,604419562070724
498,Christine,Stailey,8/7/1989,cstaileydt@latimes.com,17701 Northridge Street,visa-electron,4026525400914550
499,Dulce,De Simoni,10/20/1996,ddesimonidu@businessweek.com,4866 Dayton Place,jcb,3552305461919670
500,Mary,Lake,5/12/1996,mlakedv@clickbank.net,20206 New Castle Point,laser,630432892970277000
501,Lynn,O'Monahan,5/17/1987,lomonahandw@mozilla.org,48838 Kim Drive,visa-electron,4026699106965710
502,Hamil,Yakhin,6/2/1997,hyakhindx@statcounter.com,05 Banding Plaza,mastercard,5007668211912860
503,Ame,Martyns,2/11/1989,amartynsdy@ask.com,6 Fieldstone Junction,jcb,3540108252655160
504,Sandi,Scadden,3/6/1997,sscaddendz@oaic.gov.au,258 Ridgeview Way,jcb,3576822273075400
505,Xylia,Christy,10/11/1996,xchristye0@ed.gov,68 Westridge Way,jcb,3564376994842680
506,Patrizia,Fullstone,2/21/1994,pfullstonee1@google.es,40 Dottie Pass,instapayment,6371853097922200
507,Patrizio,Hassekl,8/17/1989,phassekle2@cpanel.net,0 Northland Circle,diners-club-us-ca,5557202130712690
508,Gaye,Sauven,6/14/1991,gsauvene3@jalbum.net,5 Carey Park,switch,675979443284832000
509,Salim,Proschke,7/2/1986,sproschkee4@networkadvertising.org,602 Ludington Street,jcb,3583120559218350
510,Liliane,Fresson,1/20/1985,lfressone5@telegraph.co.uk,54074 Bultman Terrace,diners-club-enroute,201601319225985
511,Vivianne,Eisikowitch,10/6/1993,veisikowitche6@skype.com,01621 Coolidge Street,jcb,3543988197475190
512,Obidiah,Brun,12/8/1988,obrune7@exblog.jp,58 Prairieview Park,jcb,3529349968885980
513,Garrot,Verbeek,1/6/1993,gverbeeke8@icio.us,1 Nevada Terrace,jcb,3570235086521470
514,Earl,Kilmary,4/16/1987,ekilmarye9@nationalgeographic.com,6 Stoughton Place,jcb,3578406010529880
515,Falito,Laidlow,4/2/1999,flaidlowea@amazon.com,774 Saint Paul Circle,diners-club-enroute,201683617227855
516,Benn,Vassie,2/24/1994,bvassieeb@i2i.jp,46756 Crest Line Way,diners-club-carte-blanche,30152761365488
517,Sigmund,Shark,11/11/1985,ssharkec@aol.com,83 Chive Junction,jcb,3560130370586760
518,Bendix,Danes,8/31/1988,bdanesed@digg.com,27 Maple Circle,jcb,3568463728280740
519,Brittne,Moulding,3/18/1997,bmouldingee@jigsy.com,60 Victoria Road,china-unionpay,560222773840074000
520,Augusto,Benmore,12/25/1993,abenmoreef@google.com.br,65934 Saint Paul Point,switch,5641822426860780
521,Rem,Pendlington,3/13/1987,rpendlingtoneg@toplist.cz,49 Warner Circle,visa-electron,4844941491322740
522,Ephrayim,Fothergill,5/31/1999,efothergilleh@dell.com,8 Valley Edge Street,jcb,3572398298585190
523,Norrie,Walisiak,7/3/1993,nwalisiakei@cnn.com,89 Green Parkway,jcb,3563089180289560
524,Bartholomew,Meeron,10/24/1999,bmeeronej@webmd.com,7631 High Crossing Crossing,jcb,3542702674469830
525,Fabiano,Morales,11/17/1992,fmoralesek@mozilla.com,21 Waubesa Terrace,jcb,3560887688373490
526,Anatollo,Probetts,6/8/1989,aprobettsel@yahoo.com,07617 Spenser Point,jcb,3587310451117660
527,Prisca,Pyburn,10/11/1996,ppyburnem@google.co.jp,6 Homewood Pass,americanexpress,372301081482483
528,Anatole,Ventham,8/4/1999,aventhamen@usatoday.com,3 Manitowish Plaza,jcb,3531723335964550
529,Connie,Pennini,12/31/1998,cpenninieo@marketwatch.com,9211 Bartillon Pass,diners-club-carte-blanche,30379153210291
530,Donielle,Prescot,1/27/1997,dprescotep@furl.net,6 Hintze Center,jcb,3581515427850580
531,Dorian,Rogier,6/15/1990,drogiereq@comsenz.com,04173 Crescent Oaks Parkway,jcb,3569831423449300
532,Flin,Yezafovich,2/8/1994,fyezafovicher@msu.edu,4114 Sachs Terrace,laser,6709216794997420000
533,Rebekah,Covotto,4/20/1987,rcovottoes@topsy.com,37900 Schmedeman Court,mastercard,5339728234164010
534,Gran,Bomb,12/3/1993,gbombet@themeforest.net,49 6th Point,jcb,3577450250279440
535,Roger,Lambarth,9/20/1999,rlambartheu@princeton.edu,308 Montana Road,jcb,3539333725075140
536,Foss,Upfold,10/28/1991,fupfoldev@salon.com,2781 Shasta Drive,jcb,3581727203332210
537,Eberhard,Bole,12/18/1999,eboleew@hugedomains.com,990 Lakewood Avenue,jcb,3584475951067040
538,Cassaundra,Zanetto,5/19/1988,czanettoex@hatena.ne.jp,4 Sunbrook Court,visa-electron,4405391042060270
539,Cordy,Collick,2/10/1988,ccollickey@umn.edu,236 Maywood Street,jcb,3587254570913350
540,Tammie,Mackieson,11/5/1989,tmackiesonez@creativecommons.org,55293 Katie Pass,americanexpress,374288611173088
541,Melita,Woollends,6/23/1996,mwoollendsf0@lulu.com,7 Iowa Center,jcb,3550014501048050
542,Bradford,Crus,11/26/1992,bcrusf1@mtv.com,52776 Vernon Street,diners-club-enroute,201408328402740
543,Rick,Shermore,6/28/1997,rshermoref2@reddit.com,23759 Huxley Terrace,maestro,604252800265932000
544,Fara,Stamps,9/27/1994,fstampsf3@ocn.ne.jp,35 Helena Terrace,bankcard,5610721792338740
545,Brittani,Lempertz,12/12/1988,blempertzf4@paginegialle.it,45 Emmet Pass,china-unionpay,5602259213165180000
546,Alon,Attew,4/15/1998,aattewf5@1688.com,028 Dayton Court,jcb,3567013873453960
547,Jodi,Eversfield,5/10/1995,jeversfieldf6@sitemeter.com,4424 Golf Course Park,solo,6334190815721380
548,Ravid,Gaiger,12/30/1996,rgaigerf7@dion.ne.jp,1 Express Parkway,mastercard,5196254934551980
549,Bari,Winspurr,8/6/1999,bwinspurrf8@apple.com,8853 Kim Circle,solo,6767962324153690
550,Griff,Martensen,1/26/1993,gmartensenf9@whitehouse.gov,943 Hermina Place,jcb,3545058620876570
551,Weylin,MacAdam,5/30/1995,wmacadamfa@addthis.com,4907 Loeprich Avenue,jcb,3561255202867780
552,Renae,Abels,5/7/1999,rabelsfb@shop-pro.jp,65497 Brown Plaza,maestro,6762375305483590
553,Alejoa,Cuardall,7/4/1994,acuardallfc@blinklist.com,934 Doe Crossing Junction,jcb,3543866953407610
554,Niles,Yurukhin,7/29/1997,nyurukhinfd@tripadvisor.com,65 Quincy Place,americanexpress,347749404465399
555,Codi,Titmuss,8/8/1988,ctitmussfe@springer.com,41 Independence Parkway,americanexpress,377617198227569
556,Teddie,Hagston,3/12/1987,thagstonff@myspace.com,2 Delaware Point,jcb,3566474882308680
557,Jessalin,Hawse,11/6/1995,jhawsefg@sciencedirect.com,611 Kings Road,instapayment,6376340778288720
558,Leta,Keble,2/23/1998,lkeblefh@opera.com,82 Longview Road,jcb,3580249174498510
559,Erma,Jubb,12/19/1991,ejubbfi@usda.gov,62 Acker Street,jcb,3528821239644320
560,Melissa,Hayhoe,4/21/1988,mhayhoefj@xrea.com,9644 Mccormick Way,maestro,6763444893783220000
561,Aeriela,Berceros,3/11/1992,abercerosfk@java.com,9 Fordem Center,mastercard,5376333844316630
562,Filberto,Rawlins,9/12/1986,frawlinsfl@mozilla.com,20936 Mcguire Drive,bankcard,5602240005548080
563,Amalia,Gunstone,4/27/1987,agunstonefm@deliciousdays.com,47035 Spohn Junction,jcb,3582785055949920
564,Meg,Sharer,1/5/1996,msharerfn@nature.com,9 Emmet Alley,bankcard,5602231542698860
565,Jeno,Keneford,10/18/1988,jkenefordfo@businessweek.com,7 Morningstar Plaza,maestro,6761238072044140
566,Conrado,Saywell,1/19/1995,csaywellfp@joomla.org,5377 Tomscot Point,visa-electron,4508581307679260
567,Ragnar,Trunks,11/7/1999,rtrunksfq@furl.net,4904 Summerview Way,china-unionpay,560223335907647000
568,Jonah,Bridgement,2/7/1990,jbridgementfr@canalblog.com,87372 Fieldstone Park,visa-electron,4175005397753630
569,Emmye,Skillett,6/16/1987,eskillettfs@time.com,2 Raven Circle,jcb,3536281381589260
570,Mal,Jestico,9/4/1996,mjesticoft@wufoo.com,8418 Forest Run Terrace,diners-club-carte-blanche,30164542578776
571,Oralia,Coultish,4/25/1985,ocoultishfu@paypal.com,6 Montana Parkway,china-unionpay,56104984349950100
572,Sayer,Turland,7/31/1997,sturlandfv@ibm.com,2 Forster Circle,americanexpress,372301754520460
573,Rudyard,Godber,1/18/1995,rgodberfw@hao123.com,44 Petterle Trail,jcb,3533750208733690
574,Ernest,Renshaw,11/23/1989,erenshawfx@thetimes.co.uk,2 Katie Plaza,switch,6759905028346760
575,Annora,Valentinuzzi,10/17/1999,avalentinuzzify@drupal.org,97159 Judy Court,jcb,3566151010086930
576,Stephanie,Pinkard,7/25/1987,spinkardfz@technorati.com,5 Walton Circle,jcb,3541709352422400
577,Waneta,Kennaird,2/14/1986,wkennairdg0@cpanel.net,2131 Warbler Avenue,jcb,3535510775795460
578,Waldon,Prazor,4/1/1994,wprazorg1@marriott.com,4 Manitowish Trail,jcb,3579196570214130
579,Lilllie,Body,12/5/1985,lbodyg2@altervista.org,41320 Derek Alley,maestro,6759400655591710
580,Aliza,Whittick,8/17/1997,awhittickg3@reference.com,5 Scoville Parkway,mastercard,5351192423459740
581,Chan,Snazel,8/15/1989,csnazelg4@nationalgeographic.com,45 Jay Avenue,china-unionpay,5602255572828860000
582,Forest,Ponceford,3/18/1994,fponcefordg5@a8.net,35976 Straubel Plaza,laser,677123472358990000
583,Arabele,Langdale,1/27/1989,alangdaleg6@illinois.edu,606 Coleman Drive,jcb,3553037132790880
584,Devinne,Heffy,11/6/1993,dheffyg7@auda.org.au,65894 Leroy Road,jcb,3572559220001950
585,Bride,MacAlpine,3/28/1987,bmacalpineg8@umn.edu,552 Lindbergh Trail,switch,633110630927203000
586,Jeniffer,Bloxam,2/11/1999,jbloxamg9@geocities.com,4 Packers Place,jcb,3581326645136560
587,Madelaine,Chadbourne,10/4/1986,mchadbournega@prnewswire.com,0 Graedel Way,jcb,3540006660497390
588,Blancha,Aberhart,10/1/1994,baberhartgb@google.co.uk,46704 Anhalt Junction,jcb,3559309205757980
589,Sidonia,Doyland,11/25/1986,sdoylandgc@scribd.com,91950 Pennsylvania Street,maestro,5020676651099680
590,Reuben,Tuffley,12/15/1986,rtuffleygd@over-blog.com,28 West Terrace,diners-club-enroute,201834088726699
591,Persis,Ison,5/15/1998,pisonge@comcast.net,3 Lillian Way,switch,490500967997396000
592,Reba,Lydford,6/6/1994,rlydfordgf@360.cn,77 Walton Parkway,jcb,3568633272169920
593,Natalina,Pires,1/14/1988,npiresgg@yandex.ru,70 Doe Crossing Alley,china-unionpay,5602249108617810000
594,Krystyna,Wilford,10/18/1993,kwilfordgh@blogs.com,7 Cordelia Lane,bankcard,5602239128763140
595,Augy,Capun,4/21/1985,acapungi@sohu.com,5 Vidon Crossing,jcb,3556281975805150
596,Selestina,Licciardello,9/13/1994,slicciardellogj@apple.com,7877 Forster Circle,jcb,3539628077676270
597,Myranda,Zettoi,5/29/1986,mzettoigk@com.com,85 Erie Pass,jcb,3540457867611630
598,Nissy,Measor,5/19/1999,nmeasorgl@ca.gov,73314 3rd Hill,diners-club-carte-blanche,30263540254313
599,Ferd,Willoughey,3/26/1998,fwillougheygm@squarespace.com,709 Old Gate Plaza,jcb,3570771343989100
600,Ardene,Badini,12/20/1989,abadinign@xing.com,3 Merrick Court,jcb,3529464458433730
601,Florry,Lowne,4/1/1998,flownego@google.com.au,7 Banding Circle,diners-club-carte-blanche,30553979524982
602,Becky,Lalonde,10/25/1991,blalondegp@deliciousdays.com,4131 Shopko Junction,americanexpress,374288041236794
603,Rubi,Allsepp,12/7/1989,rallseppgq@wsj.com,7 Macpherson Place,diners-club-us-ca,5496217036944620
604,Nevsa,McAvey,6/9/1999,nmcaveygr@smh.com.au,7 Fieldstone Lane,jcb,3566102146336010
605,Elijah,Nassey,9/21/1985,enasseygs@hao123.com,8 Warner Avenue,instapayment,6389578700741560
606,Averill,Moniker,7/4/1993,amonikergt@answers.com,4 Calypso Court,maestro,6759491147688850000
607,Pauletta,Oxenbury,10/17/1986,poxenburygu@google.co.jp,249 Texas Court,china-unionpay,561005691701877000
608,Hale,Marty,2/13/1994,hmartygv@ameblo.jp,7 Clemons Point,visa-electron,4913432745090920
609,Kile,Kardos,11/17/1999,kkardosgw@dailymail.co.uk,963 Bobwhite Street,bankcard,5602252032928130
610,Bartlett,Sharphouse,6/21/1991,bsharphousegx@oaic.gov.au,00 Summit Pass,jcb,3581535609331670
611,Cortney,Egell,3/20/1985,cegellgy@chron.com,2025 Sherman Circle,jcb,3557478786190010
612,Gene,Mason,11/11/1994,gmasongz@wp.com,7301 Hooker Street,laser,67094520055167700
613,Darline,Brimblecomb,5/25/1994,dbrimblecombh0@msu.edu,5 Springview Terrace,jcb,3580295783729150
614,Bride,Edwardson,6/8/1991,bedwardsonh1@miitbeian.gov.cn,691 Arapahoe Parkway,jcb,3554658502846050
615,Lynnelle,Mabb,3/8/1986,lmabbh2@guardian.co.uk,398 Fulton Junction,bankcard,5602218749766320
616,Lianna,Guilleton,3/12/1986,lguilletonh3@gizmodo.com,72 Bonner Park,visa,4041592967756
617,Vincents,Burchmore,2/15/1991,vburchmoreh4@google.de,6105 Pierstorff Pass,diners-club-enroute,201593318933687
618,Trey,Lamyman,8/11/1996,tlamymanh5@dailymail.co.uk,744 School Junction,jcb,3558730952911810
619,Deonne,Cridlin,10/21/1996,dcridlinh6@shutterfly.com,35 Sommers Road,maestro,501859921276067000
620,Gasper,Olifard,8/5/1985,golifardh7@1688.com,47235 Lindbergh Street,bankcard,5602259836904680
621,Felice,Gowing,3/3/1993,fgowingh8@slideshare.net,9 Declaration Park,jcb,3580687626360990
622,Hilliary,Lathleiff,10/21/1988,hlathleiffh9@technorati.com,78292 Sachs Circle,diners-club-carte-blanche,30389018145269
623,Hieronymus,Silburn,2/2/1990,hsilburnha@state.tx.us,9098 Emmet Junction,jcb,3554998818107690
624,Chrystel,Pearne,3/14/1985,cpearnehb@chronoengine.com,16832 Arapahoe Street,mastercard,5100176680253570
625,Floria,Golson,1/8/1996,fgolsonhc@chronoengine.com,1914 Lotheville Crossing,solo,6334850325886380000
626,Alaric,Arnow,10/4/1995,aarnowhd@cmu.edu,3362 Melody Trail,jcb,3589005811384250
627,Corbin,Bevar,8/9/1999,cbevarhe@reverbnation.com,9932 Lawn Point,jcb,3546319950299620
628,Kendrick,Caistor,6/10/1992,kcaistorhf@washington.edu,27 Oxford Court,jcb,3589438314103390
629,Arvin,Goodisson,9/6/1986,agoodissonhg@acquirethisname.com,54 Anthes Terrace,maestro,6049188248817930
630,Ric,Roskilly,7/3/1991,rroskillyhh@sphinn.com,789 Harbort Crossing,laser,6709187538368530
631,Gorden,Trusdale,5/15/1996,gtrusdalehi@deviantart.com,67076 Waywood Place,visa,4017953208030
632,Rakel,Chasmoor,11/23/1986,rchasmoorhj@dion.ne.jp,7906 Kenwood Avenue,bankcard,5610221317021560
633,Kelci,Hayhoe,12/11/1991,khayhoehk@bravesites.com,68082 Ryan Circle,jcb,3578649884571000
634,Berri,Grevile,4/5/1985,bgrevilehl@cocolog-nifty.com,637 Dorton Point,jcb,3589323692041740
635,Elyssa,Purves,5/7/1994,epurveshm@google.com,56 Bunting Plaza,maestro,675965553623690000
636,Wilbur,Thorley,9/16/1989,wthorleyhn@examiner.com,7 Garrison Court,jcb,3545017780569320
637,Verine,Westmoreland,8/18/1998,vwestmorelandho@reverbnation.com,4 Eastlawn Avenue,visa,4017955182787
638,Raimund,Du Fray,4/21/1995,rdufrayhp@github.io,86240 Springview Center,instapayment,6397216245023100
639,Jessa,Tuckett,3/5/1989,jtucketthq@com.com,2 Bonner Pass,jcb,3580107550485530
640,Gordan,Heffernon,2/28/1988,gheffernonhr@bloglines.com,63535 Loftsgordon Court,maestro,6759474328388890
641,Dacie,Toby,4/5/1988,dtobyhs@domainmarket.com,21170 Reinke Park,jcb,3538240340777050
642,Katie,Copin,4/10/1999,kcopinht@netlog.com,2721 Namekagon Street,jcb,3589336229869830
643,Obie,Akrigg,4/21/1988,oakrigghu@typepad.com,10 Cordelia Alley,jcb,3543865215637300
644,Lorilyn,Heighway,9/23/1988,lheighwayhv@i2i.jp,64 Arkansas Hill,switch,675978563381035000
645,Dasya,Basindale,6/10/1991,dbasindalehw@hp.com,63310 Lunder Junction,solo,676737858130904000
646,Keelby,Ravenhill,2/13/1988,kravenhillhx@live.com,09312 Veith Center,bankcard,5610824333316040
647,Glenn,Fetherstonhaugh,11/24/1999,gfetherstonhaughhy@jugem.jp,89 Melby Crossing,visa-electron,4026683318773170
648,Manon,Checcuzzi,8/23/1994,mcheccuzzihz@buzzfeed.com,7735 Village Green Plaza,jcb,3559819182879630
649,Dorian,Doxey,3/22/1989,ddoxeyi0@cam.ac.uk,5 Schmedeman Drive,visa,4017950750123150
650,Olly,Follows,1/29/1992,ofollowsi1@usa.gov,1054 Autumn Leaf Avenue,bankcard,5602257902664110
651,Sven,Whitty,1/11/1988,swhittyi2@deliciousdays.com,85277 Brickson Park Drive,jcb,3564176243954290
652,Catha,Dilgarno,2/14/1998,cdilgarnoi3@psu.edu,38160 Sunfield Avenue,jcb,3534279125193600
653,Nollie,Kerford,3/7/1993,nkerfordi4@cbslocal.com,97111 Amoth Park,instapayment,6383941763021600
654,Freda,Todeo,12/21/1994,ftodeoi5@elegantthemes.com,32538 Nevada Street,diners-club-enroute,201556536032624
655,Arlin,Giacopelo,12/11/1996,agiacopeloi6@jiathis.com,8333 Dennis Terrace,laser,677154805996489000
656,Arlyne,McGrory,4/7/1997,amcgroryi7@acquirethisname.com,85477 Roxbury Lane,jcb,3544703454432030
657,Domingo,Phipard-Shears,11/26/1991,dphipardshearsi8@geocities.com,8 Delaware Plaza,maestro,67598674126873400
658,Mathias,Desantis,1/4/1996,mdesantisi9@plala.or.jp,5377 Del Sol Drive,jcb,3565191744906160
659,Jo-ann,Rosenberg,6/26/1985,jrosenbergia@blog.com,74 Kipling Junction,jcb,3553088399614430
660,Daryl,Ivanonko,4/12/1993,divanonkoib@nbcnews.com,96157 Sachs Court,jcb,3546862357729740
661,Anna-diana,Brennen,9/8/1999,abrennenic@typepad.com,54662 Dexter Lane,mastercard,5100142842960210
662,Nil,Mebius,12/26/1997,nmebiusid@slate.com,2161 Dwight Street,jcb,3549328518086400
663,Deb,Trollope,8/28/1992,dtrollopeie@bigcartel.com,80 Mendota Alley,mastercard,5179752207307600
664,Jennee,Rumin,12/16/1994,jruminif@desdev.cn,168 Thompson Hill,jcb,3540639693442960
665,Rayshell,Luten,8/6/1998,rlutenig@canalblog.com,601 Nancy Place,jcb,3577314290819260
666,Shelby,Gyorffy,6/2/1990,sgyorffyih@wordpress.org,2660 Crest Line Alley,switch,675907579707544000
667,Cora,Aimable,8/3/1995,caimableii@japanpost.jp,63 Forest Plaza,mastercard,5100172413762370
668,Kelsy,Jakobssen,2/1/1998,kjakobssenij@123-reg.co.uk,1 Reindahl Lane,mastercard,5310587057027520
669,Hi,Rosenhaus,4/19/1996,hrosenhausik@reddit.com,25930 Spohn Point,visa,4017956831130480
670,Niels,Lardnar,9/26/1993,nlardnaril@google.com.hk,4 Kensington Lane,jcb,3575050188338360
671,Naoma,Barthram,12/23/1999,nbarthramim@edublogs.org,473 Melrose Junction,jcb,3572064139779850
672,Emerson,Irvin,8/28/1990,eirvinin@who.int,079 Service Pass,diners-club-carte-blanche,30390782468804
673,Garv,Vasyushkhin,7/29/1996,gvasyushkhinio@zdnet.com,1 Moose Trail,diners-club-enroute,201481330174508
674,Gavrielle,Emanuel,2/12/1997,gemanuelip@addtoany.com,7 Elka Drive,instapayment,6393609538552130
675,Karil,Collens,3/21/1998,kcollensiq@irs.gov,716 Hoepker Hill,jcb,3546244408768920
676,Agata,Dunlap,11/1/1999,adunlapir@europa.eu,72 Mcguire Hill,americanexpress,375655072418955
677,Nada,Greenside,1/28/1986,ngreensideis@springer.com,0 Bartillon Avenue,jcb,3551815803300340
678,Madison,Ogg,9/17/1985,moggit@github.io,2 Anzinger Lane,maestro,5893808643329510
679,Ethelda,Royson,8/18/1995,eroysoniu@businesswire.com,03218 Merchant Crossing,jcb,3580418638144540
680,Mina,Trime,12/14/1988,mtrimeiv@meetup.com,7 Heffernan Circle,jcb,3529591205531690
681,Mannie,Ogborn,10/2/1991,mogborniw@microsoft.com,3236 Forest Run Pass,visa-electron,4175005425349370
682,Aloysia,Diglin,3/12/1991,adiglinix@irs.gov,45 Westport Plaza,diners-club-carte-blanche,30499144425533
683,Althea,Crossdale,2/19/1988,acrossdaleiy@bigcartel.com,1 Monterey Road,maestro,50186878375652800
684,Stephi,Doddrell,10/4/1997,sdoddrelliz@dion.ne.jp,23222 Utah Street,mastercard,5048372932052490
685,Rhianna,Drury,7/3/1987,rdruryj0@yahoo.com,677 Susan Point,americanexpress,374283873769624
686,Nedi,Semeradova,5/16/1986,nsemeradovaj1@wix.com,32 Magdeline Plaza,americanexpress,343805054175110
687,Saunder,Powland,10/6/1987,spowlandj2@hatena.ne.jp,2759 Badeau Circle,mastercard,5381971425797680
688,Alain,Sunnucks,5/2/1993,asunnucksj3@dropbox.com,76 Briar Crest Hill,diners-club-us-ca,5478253988527190
689,Cirilo,Turbefield,4/19/1998,cturbefieldj4@barnesandnoble.com,430 Debra Center,mastercard,5007669931458540
690,Forrester,Fuxman,11/15/1994,ffuxmanj5@npr.org,67 American Ash Junction,jcb,3542372337630150
691,Glynis,Strooband,5/21/1998,gstroobandj6@auda.org.au,18481 Sunfield Circle,mastercard,5010121291576470
692,Star,Lillistone,1/16/1988,slillistonej7@cargocollective.com,9 Holy Cross Hill,diners-club-carte-blanche,30569625654122
693,Merwin,Roux,11/7/1996,mrouxj8@shinystat.com,19 Sutteridge Street,switch,6333549000412110
694,Vinnie,Wringe,2/2/1998,vwringej9@youtube.com,4387 Cambridge Center,jcb,3542134933077480
695,Arlan,Ellicott,4/26/1994,aellicottja@ustream.tv,4 Elka Trail,china-unionpay,56022544441716400
696,Cindee,Juliano,9/7/1990,cjulianojb@reddit.com,99 Pierstorff Crossing,americanexpress,374622722285383
697,Jennette,Pedroli,7/25/1987,jpedrolijc@narod.ru,94854 Carioca Hill,jcb,3549840643134060
698,Elana,O'Hearn,11/29/1997,eohearnjd@lulu.com,035 Delaware Drive,visa,4093367377749440
699,Mitzi,Cheak,5/8/1988,mcheakje@umn.edu,045 Union Street,diners-club-carte-blanche,30396114935915
700,Joelie,McOmish,6/6/1985,jmcomishjf@people.com.cn,49071 Bobwhite Crossing,jcb,3532347169685400
701,Huntlee,Stops,2/7/1994,hstopsjg@mysql.com,303 Southridge Crossing,visa-electron,4913897875244980
702,Sharleen,Gillespey,5/28/1987,sgillespeyjh@tiny.cc,1845 Arrowood Point,switch,491193828480137000
703,Rois,Desantis,3/17/1985,rdesantisji@indiegogo.com,201 Spohn Hill,jcb,3530168066357730
704,Ester,Watkiss,3/28/1987,ewatkissjj@umn.edu,35616 Beilfuss Trail,jcb,3540370562503960
705,Gretchen,Twiggins,11/29/1989,gtwigginsjk@alexa.com,88994 Northwestern Park,mastercard,5100138379809550
706,Tannie,Shenton,1/21/1988,tshentonjl@howstuffworks.com,7 Messerschmidt Road,americanexpress,374288532756425
707,Freemon,Bignell,5/16/1985,fbignelljm@ebay.co.uk,40 Judy Junction,jcb,3569490104008020
708,Carrol,Tack,6/3/1990,ctackjn@shop-pro.jp,6176 Gerald Terrace,solo,6334590078991410000
709,Antone,Pail,9/16/1998,apailjo@nydailynews.com,8 Eggendart Terrace,jcb,3582687026317810
710,Paulette,Savary,9/6/1999,psavaryjp@etsy.com,9 High Crossing Circle,visa-electron,4917137811821360
711,Ryun,Simonsen,5/10/1999,rsimonsenjq@goo.gl,516 Forest Run Court,switch,4936073841299440
712,Ashly,Scothron,12/6/1990,ascothronjr@cisco.com,3 Maywood Crossing,switch,5641826993571730000
713,Kit,Bordes,8/27/1990,kbordesjs@csmonitor.com,83616 Victoria Way,mastercard,5100144532327950
714,Ermengarde,Courtin,8/2/1989,ecourtinjt@flavors.me,2399 South Junction,maestro,6762316855020960000
715,Stormie,Vears,1/9/1994,svearsju@yolasite.com,48780 Macpherson Drive,diners-club-carte-blanche,30457800074425
716,Taffy,Stouther,3/12/1993,tstoutherjv@bandcamp.com,1854 Hanover Street,jcb,3554370200602190
717,Vonni,Schneider,10/28/1988,vschneiderjw@scribd.com,62141 Burning Wood Point,jcb,3570564200516860
718,Diannne,Valentinuzzi,1/6/1990,dvalentinuzzijx@mayoclinic.com,252 Anzinger Lane,jcb,3532927288070760
719,Georgette,Risdale,4/3/1991,grisdalejy@earthlink.net,9889 Portage Alley,visa-electron,4405511715649520
720,Cal,McAuslan,3/18/1992,cmcauslanjz@mail.ru,507 Magdeline Trail,laser,6771784120173200000
721,Torin,Stent,12/16/1997,tstentk0@cbsnews.com,68 Del Mar Center,visa-electron,4026642630871280
722,Emmie,Watsham,11/12/1996,ewatshamk1@wix.com,10 Schlimgen Street,jcb,3579687890006100
723,Melvyn,Mettetal,9/26/1998,mmettetalk2@hatena.ne.jp,79625 Summer Ridge Road,visa,4041599507118
724,Sterling,Manilo,8/13/1999,smanilok3@webnode.com,76309 Harbort Crossing,diners-club-international,36319913983823
725,Kandace,Dring,2/6/1989,kdringk4@rambler.ru,16 Susan Junction,jcb,3562063664710060
726,Aubert,Hannabuss,10/22/1999,ahannabussk5@tamu.edu,7 Division Hill,jcb,3528965714385330
727,Emmott,Kneal,7/26/1995,eknealk6@mayoclinic.com,7 Melby Avenue,jcb,3548395512876090
728,Patrick,Catton,2/2/1998,pcattonk7@51.la,976 Blue Bill Park Terrace,jcb,3549384410905010
729,Esmeralda,Hanwell,10/12/1995,ehanwellk8@domainmarket.com,5 Calypso Lane,jcb,3554044337579560
730,Lammond,Puckring,1/1/1997,lpuckringk9@state.gov,170 Cody Pass,china-unionpay,56022506319780700
731,Stormie,Meake,3/7/1996,smeakeka@skype.com,31 Barnett Center,jcb,3549725913229530
732,Almeda,Reinhart,8/16/1985,areinhartkb@hao123.com,4 Blue Bill Park Center,jcb,3542260189016150
733,Nickolas,Klaussen,9/9/1986,nklaussenkc@virginia.edu,23123 Carey Street,jcb,3587328052903020
734,Leila,Dine-Hart,11/24/1994,ldinehartkd@forbes.com,23973 Sutherland Road,jcb,3554655318170310
735,Allyn,Gniewosz,12/12/1988,agniewoszke@oaic.gov.au,882 Carberry Plaza,maestro,604508990289813
736,Samuel,Royan,10/18/1992,sroyankf@wufoo.com,75 Clarendon Park,jcb,3564945696025710
737,Darryl,Dellenbrok,8/5/1992,ddellenbrokkg@etsy.com,22 Shasta Street,jcb,3585151918344230
738,Yancey,Bails,3/19/1986,ybailskh@phpbb.com,86 Hazelcrest Crossing,jcb,3567031373831630
739,Fina,Dodridge,11/28/1985,fdodridgeki@seesaa.net,8 Melody Way,diners-club-carte-blanche,30249958776855
740,Umberto,Zebedee,8/12/1992,uzebedeekj@delicious.com,390 Arapahoe Way,jcb,3544548643703460
741,Ardelle,Kloska,1/31/1989,akloskakk@fema.gov,00818 Beilfuss Street,jcb,3562304248627570
742,Lewie,Stammers,11/30/1998,lstammerskl@sina.com.cn,78631 Corry Lane,jcb,3558081745022210
743,Carree,Simms,5/20/1985,csimmskm@domainmarket.com,991 Kim Trail,jcb,3554680334136240
744,Cecelia,Cordel,7/23/1988,ccordelkn@timesonline.co.uk,51625 Eggendart Circle,jcb,3530205486320360
745,Artemis,Graddon,10/15/1992,agraddonko@ycombinator.com,3508 Valley Edge Avenue,mastercard,5100149732588770
746,Georges,Janicijevic,4/11/1989,gjanicijevickp@blogger.com,1643 2nd Street,jcb,3582985635888610
747,Rudyard,MacVagh,12/11/1987,rmacvaghkq@indiegogo.com,2 Arkansas Road,jcb,3551440622881760
748,Emile,Wraighte,1/11/1993,ewraightekr@com.com,803 Main Way,jcb,3581523559453830
749,Henriette,Taphouse,12/26/1992,htaphouseks@squidoo.com,43880 Vahlen Alley,maestro,67597183159108400
750,Allyce,Skala,4/3/1998,askalakt@hubpages.com,5633 Thierer Park,diners-club-carte-blanche,30404187476732
751,Jerry,Dinnis,12/30/1985,jdinnisku@ask.com,788 Browning Alley,mastercard,5560639109438450
752,Koenraad,Capnerhurst,12/5/1994,kcapnerhurstkv@nifty.com,31015 Cardinal Lane,diners-club-us-ca,5451650380358610
753,Karoly,Lawless,11/24/1996,klawlesskw@biblegateway.com,4 Vahlen Avenue,jcb,3584925244782130
754,Nil,Rentz,5/17/1986,nrentzkx@tmall.com,15167 Bluejay Drive,diners-club-carte-blanche,30157211291176
755,Edmon,Eldin,9/22/1987,eeldinky@123-reg.co.uk,06976 Arkansas Hill,jcb,3528747460772550
756,Lorettalorna,Botler,5/3/1991,lbotlerkz@wikipedia.org,24 Memorial Place,mastercard,5100176019448760
757,Eva,Shadfourth,1/30/1991,eshadfourthl0@indiatimes.com,26419 Hollow Ridge Avenue,jcb,3571985455033160
758,Eloise,Buttler,11/29/1992,ebuttlerl1@state.gov,4149 Sycamore Street,instapayment,6373982145055920
759,Nealon,Scantleberry,5/23/1987,nscantleberryl2@gravatar.com,699 Eliot Court,jcb,3569351156499560
760,Hort,Ellerey,12/12/1999,hellereyl3@drupal.org,05 Walton Point,switch,675914396272703000
761,Emelita,Basill,10/4/1993,ebasilll4@amazon.com,4218 Colorado Parkway,laser,67066991771689500
762,Rhoda,Hensmans,1/4/1992,rhensmansl5@icio.us,308 Toban Lane,switch,6333173995841870
763,Danette,Tilling,11/22/1993,dtillingl6@state.gov,9445 Portage Terrace,solo,6767411892703410
764,Sansone,Moral,2/4/1998,smorall7@slate.com,5607 Vernon Street,mastercard,5447844017874970
765,Brigida,Bottrill,7/2/1998,bbottrilll8@fastcompany.com,970 Norway Maple Hill,instapayment,6391941216061770
766,Emylee,Fendt,6/18/1993,efendtl9@liveinternet.ru,485 Golf Drive,visa-electron,4026239942775090
767,Hildy,Zimmermanns,8/21/1994,hzimmermannsla@wix.com,96730 Crescent Oaks Pass,diners-club-carte-blanche,30188652917136
768,Dehlia,Yesichev,1/8/1991,dyesichevlb@themeforest.net,3463 Burrows Lane,visa-electron,4508180691634870
769,Maribelle,Sigmund,1/10/1989,msigmundlc@netscape.com,90 Artisan Drive,laser,6706004580560960
770,Gene,Allom,4/12/1999,gallomld@mozilla.com,84 Mifflin Pass,jcb,3531986618154800
771,Rand,Bachelor,2/25/1993,rbachelorle@samsung.com,51 Porter Place,diners-club-carte-blanche,30057850442025
772,Kynthia,Fine,3/12/1987,kfinelf@myspace.com,4 Havey Court,jcb,3576353939761840
773,Addia,Robilart,7/17/1991,arobilartlg@cbslocal.com,255 Bluestem Trail,visa,4517638893510
774,Barth,Prover,3/30/1992,bproverlh@thetimes.co.uk,26 Anhalt Center,visa-electron,4405114453499640
775,Giffer,Storrs,2/1/1992,gstorrsli@theglobeandmail.com,0 Haas Court,switch,633386379908199000
776,Charlotte,Luckcock,10/23/1990,cluckcocklj@msu.edu,86590 Waubesa Alley,americanexpress,349577416435169
777,Ezequiel,Yorkston,12/24/1998,eyorkstonlk@gov.uk,8518 Butternut Pass,maestro,630415861647667000
778,Leta,Benedito,4/28/1995,lbeneditoll@nasa.gov,8931 Division Lane,instapayment,6381384715970700
779,Prentice,Wilds,6/2/1992,pwildslm@bing.com,17 Golf View Avenue,switch,6759591869015160
780,Juliana,Jekyll,11/14/1985,jjekyllln@barnesandnoble.com,829 Towne Drive,instapayment,6379995772736280
781,Ebeneser,McAnellye,9/22/1991,emcanellyelo@tuttocitta.it,5272 Fuller Center,jcb,3554186332335030
782,Aleta,Byrom,3/9/1996,abyromlp@amazon.com,70 Harbort Avenue,visa,4041372070357970
783,Fitzgerald,Douthwaite,1/2/1999,fdouthwaitelq@tuttocitta.it,93364 Kedzie Road,jcb,3586003964742160
784,Trina,Gosz,6/17/1989,tgoszlr@newsvine.com,0 Westerfield Way,jcb,3565608323422030
785,Eugenius,Blizard,5/27/1990,eblizardls@homestead.com,5043 Coolidge Alley,americanexpress,343705852436682
786,Beret,Bortoluzzi,11/29/1991,bbortoluzzilt@dedecms.com,4356 David Trail,jcb,3536943024492490
787,Alphonse,McCurry,8/25/1985,amccurrylu@europa.eu,64 Crowley Crossing,visa-electron,4405689064752960
788,Armando,O'Fogerty,10/22/1989,aofogertylv@buzzfeed.com,94 Garrison Parkway,jcb,3589183678686760
789,Rolland,Royall,3/4/1994,rroyalllw@g.co,31200 Mendota Road,visa,4017955440490
790,Fons,Raffels,5/20/1995,fraffelslx@nsw.gov.au,659 Manitowish Terrace,maestro,501836919874942000
791,Farleigh,Petruszka,12/30/1993,fpetruszkaly@tinyurl.com,512 Farwell Plaza,diners-club-carte-blanche,30419018460457
792,Cirstoforo,Lethley,4/22/1996,clethleylz@sbwire.com,557 Claremont Hill,jcb,3529052206786620
793,Duke,Olliffe,10/20/1995,dolliffem0@washingtonpost.com,78383 Sherman Parkway,jcb,3569918369632550
794,Margie,Schwandermann,9/5/1998,mschwandermannm1@craigslist.org,9 Schmedeman Street,visa,4397878124714
795,Shandeigh,Stamp,2/3/1992,sstampm2@msn.com,05 Hazelcrest Way,jcb,3532701672565100
796,Doug,Haye,3/6/1991,dhayem3@craigslist.org,793 Main Street,diners-club-carte-blanche,30279024327060
797,Leelah,Ivanyukov,10/14/1998,livanyukovm4@omniture.com,04 Corry Plaza,jcb,3558453039687640
798,Celina,Blackford,10/25/1998,cblackfordm5@epa.gov,2656 Butterfield Court,mastercard,5294556913864710
799,Charlotte,Winborn,11/12/1995,cwinbornm6@technorati.com,44483 Vahlen Drive,switch,5641821958544180
800,Ring,Hamsher,5/25/1985,rhamsherm7@amazon.com,718 Springview Road,jcb,3552536598373070
801,Yard,Widmore,1/1/1998,ywidmorem8@storify.com,7086 Lyons Lane,jcb,3550205811667660
802,Fayette,Breckon,12/19/1998,fbreckonm9@baidu.com,6 Toban Hill,visa-electron,4175006454940640
803,Ashlee,Roscamps,4/7/1992,aroscampsma@webs.com,66034 Farmco Street,jcb,3579963847270420
804,Zenia,Ozelton,9/5/1992,zozeltonmb@wix.com,53834 Veith Crossing,jcb,3543500758341770
805,Natasha,Burberow,5/21/1991,nburberowmc@businessinsider.com,6781 Haas Trail,jcb,3533763693612060
806,Idelle,McRobbie,3/1/1997,imcrobbiemd@scribd.com,34 Meadow Ridge Parkway,jcb,3588335675778980
807,Chiquia,Pauleit,2/12/1999,cpauleitme@army.mil,97067 Division Point,diners-club-carte-blanche,30367519251380
808,Tibold,Bartusek,12/27/1990,tbartusekmf@theatlantic.com,99 Park Meadow Junction,laser,63048080863133700
809,Brittani,Stuttard,4/3/1990,bstuttardmg@free.fr,4 Grim Park,china-unionpay,5602236369369020
810,Devonne,Filpo,3/20/1985,dfilpomh@yelp.com,39914 Cardinal Crossing,china-unionpay,5602256884485090000
811,Hubie,Werndly,2/4/1997,hwerndlymi@privacy.gov.au,33 Fremont Crossing,visa-electron,4175008737696680
812,Philbert,Littlewood,3/25/1987,plittlewoodmj@sbwire.com,59 Emmet Place,jcb,3578007450990740
813,Camey,Gillum,1/4/1989,cgillummk@hud.gov,749 Fairfield Pass,americanexpress,374288345716426
814,Torrance,Denk,6/25/1996,tdenkml@hibu.com,93168 Pearson Place,china-unionpay,560224413607738000
815,Sile,Valsler,1/1/1985,svalslermm@delicious.com,02 Arkansas Center,jcb,3570894675309230
816,Cesare,Ladds,7/20/1996,claddsmn@intel.com,8 Westport Alley,jcb,3565325342065450
817,Rudie,Kennedy,11/22/1989,rkennedymo@yelp.com,0488 Talisman Drive,jcb,3533813358705760
818,Blondy,Allsop,2/6/1986,ballsopmp@networksolutions.com,648 Warrior Junction,jcb,3579016610764150
819,Ewell,Curner,11/19/1994,ecurnermq@jalbum.net,8703 Hanson Court,jcb,3571600568591760
820,Sigismundo,Van Der Hoog,8/5/1990,svanderhoogmr@mapquest.com,3 Shasta Way,visa-electron,4508904450070200
821,Gaelan,Aleixo,8/30/1985,galeixoms@dmoz.org,369 Green Ridge Hill,jcb,3561243759522920
822,Trixy,Lambdean,3/25/1998,tlambdeanmt@aol.com,9146 Leroy Point,jcb,3573297386819690
823,Sarah,Pashbee,8/5/1992,spashbeemu@google.it,24535 Knutson Place,diners-club-enroute,201583800494637
824,Laural,Dockery,8/27/1988,ldockerymv@ed.gov,6 Brown Alley,jcb,3531153105128880
825,Gayel,McDonogh,4/14/1994,gmcdonoghmw@plala.or.jp,2127 Golden Leaf Avenue,jcb,3560260943812580
826,Ariella,McGriele,6/22/1991,amcgrielemx@geocities.com,72294 Coolidge Point,jcb,3576450259955270
827,Rozamond,Gange,11/12/1989,rgangemy@fda.gov,9 Crescent Oaks Plaza,jcb,3588064651184790
828,Emerson,Corley,1/27/1989,ecorleymz@tmall.com,54161 Hansons Court,jcb,3539138369801450
829,Kayne,Bleackley,5/20/1997,kbleackleyn0@liveinternet.ru,3535 Ronald Regan Trail,diners-club-carte-blanche,30297885030607
830,Lazar,Cheales,2/17/1994,lchealesn1@census.gov,83663 Toban Crossing,jcb,3550972953063580
831,Eileen,Heathorn,5/16/1997,eheathornn2@topsy.com,28533 Golf View Road,switch,4936691299355940
832,Ezechiel,Girdlestone,2/25/1994,egirdlestonen3@indiegogo.com,4 Roth Drive,maestro,6761967887225450
833,Uri,Wharfe,4/24/1999,uwharfen4@goodreads.com,43 Service Parkway,jcb,3557604028531070
834,Merill,Broe,9/13/1987,mbroen5@webs.com,39 Porter Place,laser,6771227058826750
835,Dalli,Wilfinger,12/19/1991,dwilfingern6@upenn.edu,0433 Colorado Pass,diners-club-enroute,201417698108977
836,Veronica,Liverock,3/8/1991,vliverockn7@ezinearticles.com,3 Melody Park,maestro,6759963875545240000
837,Cami,Bannell,8/2/1997,cbannelln8@gravatar.com,77 Drewry Drive,diners-club-us-ca,5557137819692980
838,Shea,Jansens,4/13/1997,sjansensn9@dailymail.co.uk,2629 Ronald Regan Center,china-unionpay,5602255727367200000
839,Dennie,Runcie,5/5/1999,drunciena@macromedia.com,3631 Kennedy Plaza,jcb,3542093417007680
840,Honey,Bletso,8/25/1999,hbletsonb@issuu.com,15492 Welch Road,americanexpress,372301002555623
841,Ddene,Murney,3/27/1996,dmurneync@storify.com,9481 Dayton Alley,maestro,6763875756836310000
842,Selena,Maunton,4/28/1988,smauntonnd@purevolume.com,048 Green Trail,jcb,3564669453622760
843,Romain,Pagen,2/6/1985,rpagenne@china.com.cn,14097 Buhler Hill,diners-club-enroute,201587563891152
844,Gasparo,Bemwell,2/15/1998,gbemwellnf@gmpg.org,3 Caliangt Court,jcb,3553390478543130
845,Geoffrey,Downes,1/22/1987,gdownesng@canalblog.com,438 High Crossing Circle,switch,490552962771815000
846,Ruben,Hinks,3/14/1992,rhinksnh@twitter.com,2755 Scoville Park,jcb,3546046528718380
847,Berkeley,Toping,5/1/1997,btopingni@theatlantic.com,52581 Victoria Crossing,solo,6767398041185940000
848,Orelia,Ranger,3/27/1988,orangernj@homestead.com,78912 Lyons Circle,jcb,3539624456551170
849,Gaylene,Hyde,6/15/1988,ghydenk@mapy.cz,9821 Dryden Road,diners-club-carte-blanche,30563869658477
850,Marcia,Latham,5/25/1992,mlathamnl@wsj.com,69 Canary Point,americanexpress,374283386320345
851,Jacquelin,Bollans,8/11/1990,jbollansnm@g.co,92034 Di Loreto Alley,jcb,3575470915377190
852,Sanson,Whitham,10/4/1987,swhithamnn@opera.com,27027 Lunder Junction,jcb,3553662452658220
853,Charla,McKirton,12/11/1997,cmckirtonno@phoca.cz,5 Jana Pass,switch,490518357307413000
854,Briggs,Bacchus,7/14/1987,bbacchusnp@mlb.com,08867 Sachs Terrace,diners-club-enroute,201474614162737
855,Moishe,Bortol,10/9/1998,mbortolnq@reference.com,24 Waywood Street,jcb,3544555486121790
856,Sande,Brisard,2/13/1998,sbrisardnr@newyorker.com,0934 Lotheville Road,mastercard,5002358195194080
857,Orbadiah,Sauvain,6/15/1986,osauvainns@amazonaws.com,2 Oxford Road,jcb,3558042469927350
858,Skippy,Zealander,12/21/1999,szealandernt@google.ca,6 Pierstorff Road,maestro,676228896274403000
859,Gracie,Lehrmann,7/30/1986,glehrmannnu@tinyurl.com,14192 Fairview Place,mastercard,5010123311041320
860,Othello,Hardeman,3/14/1985,ohardemannv@netlog.com,4 Heath Drive,jcb,3549883320557040
861,Ortensia,O' Byrne,12/6/1986,oobyrnenw@nbcnews.com,5668 Carey Lane,diners-club-enroute,201656242860993
862,Julio,Forrington,7/9/1999,jforringtonnx@stanford.edu,872 Reindahl Center,jcb,3583831697235000
863,Dynah,Gossage,10/4/1988,dgossageny@yellowbook.com,83266 Glacier Hill Court,jcb,3549218841424900
864,Kikelia,Glede,5/11/1991,kgledenz@hp.com,80 Merrick Crossing,maestro,6759767039876620
865,Eula,Pretor,9/27/1987,epretoro0@mit.edu,056 Hermina Terrace,mastercard,5261031637411010
866,Frederik,Glynn,5/11/1993,fglynno1@sakura.ne.jp,6 Browning Lane,mastercard,5007660527227480
867,Kalie,Mellenby,3/15/1993,kmellenbyo2@wikipedia.org,84955 Sachs Crossing,jcb,3531743373559470
868,Kelsy,Seekings,7/13/1999,kseekingso3@washington.edu,90516 Shelley Trail,jcb,3557127794283610
869,Alejandra,Yanshin,11/29/1991,ayanshino4@senate.gov,8532 Vermont Hill,americanexpress,372301238431524
870,Hilliary,Gilfillan,11/18/1993,hgilfillano5@loc.gov,2 Nancy Junction,laser,6706118420281470000
871,Maurise,Choke,1/13/1993,mchokeo6@paginegialle.it,4 Iowa Crossing,jcb,3553078415801120
872,Gabriella,Izak,1/26/1993,gizako7@google.it,07915 Brentwood Street,laser,6706163044501910
873,Saidee,Elan,12/11/1996,selano8@umich.edu,4 Center Crossing,laser,6304392892599770000
874,Chickie,Pardal,6/29/1998,cpardalo9@about.me,0 Warrior Point,diners-club-enroute,201955814423747
875,Deane,Greenroa,9/11/1994,dgreenroaoa@github.com,077 Twin Pines Way,jcb,3557733543561460
876,Roanna,Brownsea,12/26/1989,rbrownseaob@patch.com,43 Ramsey Trail,jcb,3558463905001770
877,Yolane,Deere,6/29/1993,ydeereoc@bloomberg.com,0917 Welch Center,jcb,3564220344640820
878,Lukas,Lambis,3/28/1994,llambisod@utexas.edu,745 Parkside Place,china-unionpay,56022196438400700
879,Nichole,Strank,1/14/1985,nstrankoe@google.nl,39843 Autumn Leaf Alley,bankcard,5602215525658720
880,Donal,Evett,12/10/1990,devettof@smugmug.com,7 Chinook Place,switch,491124323493585000
881,Eimile,Schoenfisch,11/3/1995,eschoenfischog@cornell.edu,99531 Oriole Way,jcb,3567293115104740
882,Cosetta,Pennacci,12/9/1987,cpennaccioh@comcast.net,09802 Thierer Circle,mastercard,5100138878831540
883,Archambault,Attock,3/5/1994,aattockoi@wunderground.com,72 Bartillon Circle,visa,4017955531132
884,Ernestus,Pottiphar,3/9/1998,epottipharoj@amazon.co.jp,75 Service Court,diners-club-carte-blanche,30535066916643
885,Cordell,Emmatt,8/6/1989,cemmattok@dyndns.org,26138 Basil Trail,visa-electron,4917121638933450
886,Judas,Alf,5/24/1986,jalfol@lulu.com,412 Farmco Plaza,visa-electron,4175004753782120
887,Reine,Barkly,4/23/1997,rbarklyom@ustream.tv,7324 Buena Vista Pass,maestro,5038932568525340000
888,Raymund,Lightollers,8/22/1992,rlightollerson@shinystat.com,24699 Hoard Center,jcb,3589590179697730
889,Ebonee,Greim,12/4/1992,egreimoo@imdb.com,135 Loomis Avenue,jcb,3578285391815420
890,Daffi,Gohn,5/26/1988,dgohnop@blog.com,93 Scott Drive,maestro,5893679440769160
891,Friedrick,Chuter,12/15/1998,fchuteroq@economist.com,307 Doe Crossing Parkway,jcb,3562236142045050
892,Tabbitha,Walden,3/3/1990,twaldenor@webnode.com,1670 Cottonwood Trail,switch,633110063019887000
893,Fitz,Barde,7/3/1996,fbardeos@bizjournals.com,6250 Aberg Plaza,visa-electron,4508742509944820
894,Barbara-anne,Newton,6/4/1992,bnewtonot@technorati.com,46 Sullivan Alley,jcb,3541627329786760
895,Jessie,Ricca,5/23/1996,jriccaou@unicef.org,9412 Lotheville Junction,diners-club-carte-blanche,30112208066172
896,Hurleigh,Bowie,9/12/1997,hbowieov@yellowbook.com,15 Farmco Court,laser,6709440403681110000
897,Barney,Sneesby,5/29/1985,bsneesbyow@sitemeter.com,59297 Oxford Center,jcb,3578868316047380
898,Sheelagh,Speaks,11/27/1988,sspeaksox@yelp.com,02 Spenser Terrace,jcb,3532639264718490
899,Cyndy,Bytheway,10/24/1986,cbythewayoy@lulu.com,6 Prentice Circle,jcb,3547735878602210
900,Margarita,Arkil,6/27/1992,markiloz@bigcartel.com,1 Arapahoe Park,jcb,3558411208030960
901,Dylan,Surr,6/16/1990,dsurrp0@taobao.com,97 Mariners Cove Park,switch,6759133555391900
902,Ethel,Brazenor,11/10/1990,ebrazenorp1@over-blog.com,413 Union Terrace,diners-club-enroute,201781099304406
903,Ambur,Pawelski,6/25/1986,apawelskip2@sciencedirect.com,1895 Cherokee Circle,mastercard,5100172529497350
904,Ilyssa,Coke,11/16/1996,icokep3@ustream.tv,0813 Farragut Junction,mastercard,5593652624616020
905,Livy,Stapleford,9/19/1987,lstaplefordp4@ihg.com,57 Kedzie Terrace,jcb,3554291102644370
906,Anjela,Smalman,11/16/1986,asmalmanp5@thetimes.co.uk,8429 Maple Terrace,jcb,3530203616684220
907,Justine,Wassell,1/5/1994,jwassellp6@nps.gov,96330 Nova Junction,jcb,3548305575996990
908,Roi,Abbett,4/24/1996,rabbettp7@sciencedaily.com,7896 Farmco Plaza,mastercard,5010123438733420
909,Joly,Nutbrown,2/19/1997,jnutbrownp8@wordpress.org,48606 Butterfield Parkway,jcb,3535925683037050
910,Glad,Lippiello,3/1/1988,glippiellop9@indiatimes.com,94 Scott Crossing,switch,490556338524510000
911,Eddy,Chatelain,1/25/1985,echatelainpa@cdc.gov,37 American Terrace,jcb,3582896378331750
912,Pincus,Sember,6/20/1987,psemberpb@yolasite.com,252 Fuller Avenue,china-unionpay,56107200859063800
913,Ashien,Crockett,1/15/1998,acrockettpc@ed.gov,48 Sutherland Plaza,jcb,3532498136157100
914,Tina,Vamplew,11/21/1994,tvamplewpd@arizona.edu,4 West Road,jcb,3550696869808210
915,Wash,Strathearn,7/18/1988,wstrathearnpe@4shared.com,238 Center Hill,americanexpress,372301761940362
916,Alfie,Griniov,2/22/1997,agriniovpf@topsy.com,0406 Oak Valley Avenue,jcb,3530619493102550
917,Vance,Volet,6/11/1991,vvoletpg@gmpg.org,8173 Scofield Way,laser,67099334054257700
918,Neill,Matchett,1/7/1986,nmatchettph@163.com,1 Nancy Court,americanexpress,378769058575907
919,Miguela,Basini-Gazzi,4/10/1999,mbasinigazzipi@github.com,84 Center Terrace,china-unionpay,5602259138176730000
920,Nanci,Grugerr,12/26/1992,ngrugerrpj@spiegel.de,3 Huxley Hill,maestro,6759990613067910
921,Bernetta,Harken,4/22/1997,bharkenpk@washington.edu,24838 Arrowood Junction,jcb,3540200947916160
922,Bastien,Lidster,3/22/1990,blidsterpl@baidu.com,2993 Lakeland Trail,maestro,5893385646713180
923,Jozef,Clancy,5/1/1996,jclancypm@usatoday.com,86933 Brickson Park Pass,jcb,3556185046594190
924,Rachelle,Fleeman,8/29/1989,rfleemanpn@tiny.cc,1315 Service Trail,jcb,3569980057348300
925,Sigfrid,Saltman,9/30/1990,ssaltmanpo@mozilla.org,4446 Spaight Drive,diners-club-us-ca,5501091851726340
926,Humfrid,Happer,5/27/1992,hhapperpp@geocities.com,6 5th Lane,visa-electron,4175004716154890
927,Willard,Goghin,11/28/1986,wgoghinpq@freewebs.com,3 Rowland Terrace,jcb,3542052308921980
928,Paulina,Bestwick,4/22/1994,pbestwickpr@alexa.com,6 Ilene Way,diners-club-enroute,201483738695324
929,Skipp,Drinnan,4/17/1989,sdrinnanps@dion.ne.jp,6 Valley Edge Hill,jcb,3578554140930670
930,Barclay,Dangl,11/11/1997,bdanglpt@angelfire.com,4767 South Crossing,diners-club-us-ca,5518084226942860
931,Boonie,Hargreave,10/28/1987,bhargreavepu@tumblr.com,69 Quincy Terrace,jcb,3528736407821490
932,Deena,Ferraraccio,5/1/1987,dferraracciopv@ca.gov,76107 Center Plaza,laser,6771695390074540000
933,Javier,Beacock,4/28/1985,jbeacockpw@youtube.com,566 Spenser Street,visa-electron,4405557795255820
934,Ralina,Cadany,8/20/1995,rcadanypx@theatlantic.com,7 Manley Alley,visa-electron,4844723327148620
935,Chaim,Suddell,2/24/1985,csuddellpy@noaa.gov,29043 Tony Street,jcb,3548956142234800
936,Sophia,Warham,6/1/1998,swarhampz@tiny.cc,9060 Morrow Avenue,switch,6759865282643560
937,Tina,Allderidge,2/21/1989,tallderidgeq0@imdb.com,942 Moland Parkway,bankcard,5602220419514870
938,Cyndy,Capper,10/4/1997,ccapperq1@reverbnation.com,791 Talisman Hill,mastercard,5141507975311300
939,Cristian,Simenet,3/28/1998,csimenetq2@cdc.gov,8 Dunning Place,mastercard,5010128326269320
940,Thomas,Southwell,10/5/1985,tsouthwellq3@sciencedirect.com,0603 Ruskin Junction,mastercard,5458780120960650
941,Alexina,Colgrave,1/15/1992,acolgraveq4@google.co.uk,43851 Morningstar Drive,jcb,3587119024010350
942,Seymour,Tinniswood,2/19/1998,stinniswoodq5@admin.ch,186 Birchwood Pass,laser,63046542475452900
943,Elga,Cotman,10/19/1992,ecotmanq6@nydailynews.com,9697 Nelson Lane,diners-club-enroute,201713352978386
944,Brander,Boxell,12/30/1992,bboxellq7@boston.com,5 Vernon Drive,jcb,3579647851503370
945,Cece,Berkeley,4/29/1997,cberkeleyq8@hubpages.com,71701 Marcy Alley,jcb,3547179780178910
946,Hew,Delacroux,11/16/1988,hdelacrouxq9@cyberchimps.com,5 Cambridge Alley,instapayment,6398893037591860
947,Aksel,Dalgetty,6/29/1996,adalgettyqa@prlog.org,928 Oriole Alley,jcb,3557231763289340
948,Blythe,O'Riordan,1/27/1998,boriordanqb@hostgator.com,89 Pepper Wood Parkway,jcb,3532626242611470
949,Elspeth,Orpen,3/31/1992,eorpenqc@studiopress.com,8772 Sherman Road,visa,4017959791807
950,Deva,Bridgement,11/5/1998,dbridgementqd@hexun.com,564 Sutherland Point,diners-club-carte-blanche,30374620645757
951,Niki,Biford,10/31/1993,nbifordqe@cyberchimps.com,13 Forest Alley,switch,4936848887754360000
952,Gaye,Stood,12/2/1990,gstoodqf@phoca.cz,337 Forest Way,visa,4041378242721
953,Cullie,Delmonti,4/27/1993,cdelmontiqg@nationalgeographic.com,668 Northport Pass,instapayment,6376973427109340
954,Trefor,Crowche,3/29/1991,tcrowcheqh@cnn.com,0 Schlimgen Street,instapayment,6383656204122510
955,Elladine,Glowacki,1/24/1998,eglowackiqi@forbes.com,0795 Hoffman Trail,diners-club-carte-blanche,30152843883904
956,Eveline,Amiable,5/26/1994,eamiableqj@scribd.com,256 Armistice Road,maestro,5020348905214480000
957,Giovanni,Bicker,9/24/1988,gbickerqk@umich.edu,88305 Birchwood Point,switch,633300617717879000
958,Ralina,Ottam,12/28/1996,rottamql@icq.com,03 Harbort Center,jcb,3568388227356020
959,Barnabe,Chrystal,6/17/1989,bchrystalqm@forbes.com,5 Dapin Street,diners-club-us-ca,5422225779793250
960,Susannah,Spelman,7/27/1992,sspelmanqn@nature.com,5 Dixon Alley,diners-club-enroute,201719567728938
961,Sidoney,Tampling,6/4/1991,stamplingqo@behance.net,4 Magdeline Center,jcb,3587038249145180
962,Kim,Battman,7/2/1989,kbattmanqp@foxnews.com,1370 Ramsey Court,laser,67094165888798100
963,Daniele,Lesor,3/19/1999,dlesorqq@mtv.com,5132 Linden Street,jcb,3587493254321460
964,Tracy,Dudson,9/13/1992,tdudsonqr@taobao.com,4 Brentwood Avenue,americanexpress,375899794365926
965,Tracy,Dionsetti,10/14/1985,tdionsettiqs@deviantart.com,35170 Donald Park,diners-club-us-ca,5480984793661520
966,Dwayne,Batters,8/15/1991,dbattersqt@hibu.com,93625 Lakeland Alley,mastercard,5458542424326850
967,Damon,Sabathier,11/8/1999,dsabathierqu@google.it,27 Pierstorff Park,maestro,67593126666635400
968,Ariella,Piggin,8/16/1995,apigginqv@jugem.jp,3 Bultman Avenue,switch,6331107804206410000
969,Estrella,Castillon,7/20/1991,ecastillonqw@miitbeian.gov.cn,16 Elmside Trail,jcb,3533901361060780
970,Gus,Ryland,4/18/1989,grylandqx@ibm.com,1 Oak Valley Drive,mastercard,5298099131590630
971,Donn,Twelvetree,1/15/1996,dtwelvetreeqy@blinklist.com,748 Burning Wood Junction,jcb,3574901296747550
972,Ronni,Pullin,5/1/1997,rpullinqz@senate.gov,78 Thierer Avenue,jcb,3563086165443950
973,Turner,Rabat,6/11/1992,trabatr0@yale.edu,549 Ohio Circle,instapayment,6381559737208720
974,Margret,Beentjes,11/4/1990,mbeentjesr1@live.com,67841 Alpine Drive,americanexpress,337941049464638
975,Kissie,Dell,2/3/1989,kdellr2@umn.edu,8944 Thierer Junction,maestro,676345265749140000
976,Wallace,Venard,11/25/1995,wvenardr3@biblegateway.com,49 Northport Crossing,jcb,3552380362434830
977,Tait,Gurwood,6/18/1993,tgurwoodr4@ucoz.com,70416 Scoville Crossing,maestro,604588124136363000
978,Jeralee,Haccleton,10/4/1986,jhaccletonr5@zdnet.com,5 Gina Avenue,jcb,3566111689079480
979,Rhiamon,Devonside,1/19/1999,rdevonsider6@home.pl,71770 Mallory Terrace,laser,6771723289180100000
980,Melisande,Catmull,10/21/1987,mcatmullr7@noaa.gov,0 Mallory Court,maestro,5893204954036260
981,Dora,Raxworthy,7/30/1999,draxworthyr8@technorati.com,75 Continental Junction,maestro,6762018401835500000
982,Cesare,Ferrero,5/18/1998,cferreror9@shinystat.com,5481 Upham Place,bankcard,5610695703289970
983,Hakeem,Pleasaunce,3/24/1985,hpleasauncera@hexun.com,65867 Sutherland Park,jcb,3565701265756280
984,Arabelle,Drakard,8/26/1986,adrakardrb@jimdo.com,8056 Farragut Terrace,switch,675957724179097000
985,Gauthier,Bletsor,7/13/1985,gbletsorrc@ucsd.edu,66534 Lerdahl Court,mastercard,5002354186522310
986,Misti,Salerno,10/11/1993,msalernord@ft.com,465 Meadow Vale Drive,jcb,3588055957200240
987,Orella,Cottingham,6/12/1996,ocottinghamre@cyberchimps.com,8 Bay Center,switch,6331109649072690
988,Patty,Richens,10/6/1997,prichensrf@opensource.org,3846 Macpherson Court,mastercard,5108757483119050
989,Danita,Gerrill,11/2/1996,dgerrillrg@yellowpages.com,78 Maple Road,china-unionpay,560221155728531000
990,Coralie,Caldron,6/29/1987,ccaldronrh@goo.ne.jp,29200 Iowa Drive,jcb,3583012187690390
991,Flore,Grishenkov,9/30/1999,fgrishenkovri@dot.gov,8 Briar Crest Drive,jcb,3561733392940540
992,Clementine,Merriday,10/20/1991,cmerridayrj@geocities.com,33 Rockefeller Way,jcb,3579022787374800
993,Lemmy,Borthram,11/6/1999,lborthramrk@miitbeian.gov.cn,29525 Mayfield Plaza,mastercard,5383949301848920
994,Flo,Este,2/20/1991,festerl@instagram.com,95 Rutledge Center,instapayment,6396371806734640
995,Feodora,Hugill,5/12/1996,fhugillrm@indiatimes.com,7848 Arizona Pass,jcb,3563091088892790
996,Bernadette,MacCarter,8/18/1991,bmaccarterrn@home.pl,75 Mosinee Pass,jcb,3550268012044460
997,Jillene,Sircombe,4/21/1988,jsircombero@state.gov,6 Rutledge Trail,jcb,3547582593444340
998,Marietta,Seakin,4/8/1997,mseakinrp@istockphoto.com,769 Dryden Lane,visa-electron,4913427518845670
999,Barclay,Paur,7/28/1994,bpaurrq@cornell.edu,23 8th Court,mastercard,5100149448956660
1000,Lalo,Ayrs,9/13/1993,layrsrr@slideshare.net,64346 Brickson Park Drive,maestro,60431888591914800
